assessment_id,id_no,sci_name,presence,origin,seasonal,compiler,yrcompiled,citation,legend,subspecies,subpop,dist_comm,island,tax_comm,source,basisofrec,event_year,longitude,latitude
212099065,209399685,Kosciuscola tristis,1,1,1,Kate Umbers,2020,National Environmental Science Program (NESP),Extant (resident),tristis,,,,,KT_1_602,,,148.37637,-36.38347
212099065,209399685,Kosciuscola tristis,1,1,1,Kate Umbers,2020,National Environmental Science Program (NESP),Extant (resident),tristis,,,,,KT_1_789,,,148.27422,-36.51789
212099065,209399685,Kosciuscola tristis,1,1,1,Kate Umbers,2020,National Environmental Science Program (NESP),Extant (resident),tristis,,,,,KT_1_733,,,148.29558,-36.49892
212099065,209399685,Kosciuscola tristis,1,1,1,Kate Umbers,2020,National Environmental Science Program (NESP),Extant (resident),tristis,,,,,KT_1_753,,,148.29558,-36.49892
212099065,209399685,Kosciuscola tristis,1,1,1,Kate Umbers,2020,National Environmental Science Program (NESP),Extant (resident),tristis,,,,,KT_1_621,,,148.37459,-36.38344
117469952,117423069,Yucca baileyi,1,1,1,Raul Puente and Barbara Goettsch,2018,IUCN RL Agave and Yucca workshop,Extant (resident), ,,,,,DBG Seinet 2018,PreservedSpecimen,2012,-111.82031,36.81445
212099065,209399685,Kosciuscola tristis,1,1,1,Kate Umbers,2020,National Environmental Science Program (NESP),Extant (resident),tristis,,,,,KT_1_628,,,148.37639,-36.38298
212099065,209399685,Kosciuscola tristis,1,1,1,Kate Umbers,2020,National Environmental Science Program (NESP),Extant (resident),tristis,,,,,KT_1_785,,,148.27242,-36.52475
212099065,209399685,Kosciuscola tristis,1,1,1,Kate Umbers,2020,National Environmental Science Program (NESP),Extant (resident),tristis,,,,,KT_1_826,,,148.27733,-36.50586
212099065,209399685,Kosciuscola tristis,1,1,1,Kate Umbers,2020,National Environmental Science Program (NESP),Extant (resident),tristis,,,,,ANIC,,,148.3926019,-36.38616596
22484143,22483710,Acacia alpina,1,1,1,IUCN,2016,,Extant (resident),,,,,,,,,148.45,-36.333333
117469952,117423069,Yucca baileyi,1,1,1,Raul Puente and Barbara Goettsch,2018,IUCN RL Agave and Yucca workshop,Extant (resident), ,,,,,DBG Seinet 2018,PreservedSpecimen,2013,-111.879213,36.951913
117469952,117423069,Yucca baileyi,1,1,1,Raul Puente and Barbara Goettsch,2018,IUCN RL Agave and Yucca workshop,Extant (resident), ,,,,,DBG Seinet 2018,PreservedSpecimen,2008,-111.766168,36.971085
188497902,184928219,Senecio halleri,1,1,1,Charlotte Phillips,2020,"Royal Botanic Gardens, Kew",Extant (resident),,,,,,,,1960,7.126032,45.429381
212099065,209399685,Kosciuscola tristis,1,1,1,Kate Umbers,2020,National Environmental Science Program (NESP),Extant (resident),tristis,,,,,KT_1_661,,,148.29018,-36.49295
117469952,117423069,Yucca baileyi,1,1,1,Raul Puente and Barbara Goettsch,2018,IUCN RL Agave and Yucca workshop,Extant (resident),baileyi,,,,,DBG Seinet 2018,PreservedSpecimen,2001,-109.9152778,36.3869444
212099065,209399685,Kosciuscola tristis,1,1,1,Kate Umbers,2020,National Environmental Science Program (NESP),Extant (resident),tristis,,,,,KT_1_832,,,148.27733,-36.50586
212099065,209399685,Kosciuscola tristis,1,1,1,Kate Umbers,2020,National Environmental Science Program (NESP),Extant (resident),tristis,,,,,KT_1_857,,,148.26456,-36.51717
212099065,209399685,Kosciuscola tristis,1,1,1,Kate Umbers,2020,National Environmental Science Program (NESP),Extant (resident),tristis,,,,,KT_1_787,,,148.27242,-36.52475
117469952,117423069,Yucca baileyi,1,1,1,Raul Puente and Barbara Goettsch,2018,IUCN RL Agave and Yucca workshop,Extant (resident), ,,,,,DBG Seinet 2018,PreservedSpecimen,2006,-111.88085,36.7318
117469952,117423069,Yucca baileyi,1,1,1,Raul Puente and Barbara Goettsch,2018,IUCN RL Agave and Yucca workshop,Extant (resident), ,,,,,DBG Seinet 2018,PreservedSpecimen,2008,-111.691567,36.793517
212099065,209399685,Kosciuscola tristis,1,1,1,Kate Umbers,2020,National Environmental Science Program (NESP),Extant (resident),tristis,,,,,ANIC,,,148.5478233,-36.13918202
212099065,209399685,Kosciuscola tristis,1,1,1,Kate Umbers,2020,National Environmental Science Program (NESP),Extant (resident),tristis,,,,,KT_1_788,,,148.27242,-36.52475
212099065,209399685,Kosciuscola tristis,1,1,1,Kate Umbers,2020,National Environmental Science Program (NESP),Extant (resident),tristis,,,,,KT_1_744,,,148.30281,-36.50319
212099065,209399685,Kosciuscola tristis,1,1,1,Kate Umbers,2020,National Environmental Science Program (NESP),Extant (resident),tristis,,,,,KT_1_856,,,148.29042,-36.49269
22484143,22483710,Acacia alpina,1,1,1,IUCN,2016,,Extant (resident),,,,,,,,,146.8111,-36.7375
117469952,117423069,Yucca baileyi,1,1,1,Raul Puente and Barbara Goettsch,2018,IUCN RL Agave and Yucca workshop,Extant (resident), ,,,,,DBG Seinet 2018,PreservedSpecimen,2016,-111.792722,36.697778
175068395,161328537,Dingana alticola,1,1,1,"Mecenero S, Ball JB, Edge DA, Hamer ML, Henning GA, Krüger MA, Pringle EL, Terblanche RF & Williams MC",2013,Mecenero et al. (2013),Extant (resident),,,,,,LepSoc: G Henning Collection,PreservedSpecimen,1996,30.13055556,-25.39916667
212099065,209399685,Kosciuscola tristis,1,1,1,Kate Umbers,2020,National Environmental Science Program (NESP),Extant (resident),tristis,,,,,KT_1_653,,,148.29018,-36.49295
212099065,209399685,Kosciuscola tristis,1,1,1,Kate Umbers,2020,National Environmental Science Program (NESP),Extant (resident),tristis,,,,,TAMUIC-IGC-001896,,,148.3652,-36.37263
188497902,184928219,Senecio halleri,1,1,1,Charlotte Phillips,2020,"Royal Botanic Gardens, Kew",Extant (resident),,,,,,,,2005,7.8,45.983333
117469952,117423069,Yucca baileyi,1,1,1,Raul Puente and Barbara Goettsch,2018,IUCN RL Agave and Yucca workshop,Extant (resident),baileyi,,,,,DBG Seinet 2018,PreservedSpecimen,1985,-108.15,36.7666667
212099065,209399685,Kosciuscola tristis,1,1,1,Kate Umbers,2020,National Environmental Science Program (NESP),Extant (resident),tristis,,,,,KT_1_629,,,148.37639,-36.38298
212099065,209399685,Kosciuscola tristis,1,1,1,Kate Umbers,2020,National Environmental Science Program (NESP),Extant (resident),tristis,,,,,KT_1_868,,,148.26794,-36.51242
188497902,184928219,Senecio halleri,1,1,1,Charlotte Phillips,2020,"Royal Botanic Gardens, Kew",Extant (resident),,,,,,,,2005,7.125511,45.426556
212099065,209399685,Kosciuscola tristis,1,1,1,Kate Umbers,2020,National Environmental Science Program (NESP),Extant (resident),tristis,,,,,KT_1_854,,,148.29042,-36.49269
117469952,117423069,Yucca baileyi,1,1,1,Raul Puente and Barbara Goettsch,2018,IUCN RL Agave and Yucca workshop,Extant (resident), ,,,,,DBG Seinet 2018,PreservedSpecimen,1991,-107.933,37.22
117469952,117423069,Yucca baileyi,1,1,1,Raul Puente and Barbara Goettsch,2018,IUCN RL Agave and Yucca workshop,Extant (resident), ,,,,,DBG Seinet 2018,PreservedSpecimen,1964,-110.173,35.8191
212099065,209399685,Kosciuscola tristis,1,1,1,Kate Umbers,2020,National Environmental Science Program (NESP),Extant (resident),tristis,,,,,KT_1_716,,,148.29953,-36.50319
117469952,117423069,Yucca baileyi,1,1,1,Raul Puente and Barbara Goettsch,2018,IUCN RL Agave and Yucca workshop,Extant (resident),baileyi,,,,,DBG Seinet 2018,PreservedSpecimen,1983,-107.3116667,37.0552778
212099065,209399685,Kosciuscola tristis,1,1,1,Kate Umbers,2020,National Environmental Science Program (NESP),Extant (resident),tristis,,,,,TAMUIC-IGC-001879,,,148.25883,-36.42245
212099065,209399685,Kosciuscola tristis,1,1,1,Kate Umbers,2020,National Environmental Science Program (NESP),Extant (resident),tristis,,,,,KT_1_817,,,148.27047,-36.51633
188497902,184928219,Senecio halleri,1,1,1,Charlotte Phillips,2020,"Royal Botanic Gardens, Kew",Extant (resident),,,,,,,,2005,7.14169,45.479218
212099065,209399685,Kosciuscola tristis,1,1,1,Kate Umbers,2020,National Environmental Science Program (NESP),Extant (resident),tristis,,,,,TAMUIC-IGC-001882,,,148.25883,-36.42245
196180248,190500977,Thaumatoperla alpina,1,1,1,Julia Mynott,2020,National Environmental Science Program (NESP),Extant (resident),,,Trib to Rocky Valley,,,,,,147.26066,-36.85715
212099065,209399685,Kosciuscola tristis,1,1,1,Kate Umbers,2020,National Environmental Science Program (NESP),Extant (resident),tristis,,,,,KT_1_673,,,148.26405,-36.51647
212099065,209399685,Kosciuscola tristis,1,1,1,Kate Umbers,2020,National Environmental Science Program (NESP),Extant (resident),tristis,,,,,KT_1_709,,,148.29558,-36.49892
212099065,209399685,Kosciuscola tristis,1,1,1,Kate Umbers,2020,National Environmental Science Program (NESP),Extant (resident),tristis,,,,,KT_1_721,,,148.29558,-36.49892
117469952,117423069,Yucca baileyi,1,1,1,Raul Puente and Barbara Goettsch,2018,IUCN RL Agave and Yucca workshop,Extant (resident),baileyi,,,,,DBG Seinet 2018,PreservedSpecimen,2007,-107.99947,36.832581
212099065,209399685,Kosciuscola tristis,1,1,1,Kate Umbers,2020,National Environmental Science Program (NESP),Extant (resident),tristis,,,,,KT_1_727,,,148.29558,-36.49892
212099065,209399685,Kosciuscola tristis,1,1,1,Kate Umbers,2020,National Environmental Science Program (NESP),Extant (resident),tristis,,,,,no_code,,,148.15297,-36.86424
212099065,209399685,Kosciuscola tristis,1,1,1,Kate Umbers,2020,National Environmental Science Program (NESP),Extant (resident),tristis,,,,,KT_1_655,,,148.29018,-36.49295
212099065,209399685,Kosciuscola tristis,1,1,1,Kate Umbers,2020,National Environmental Science Program (NESP),Extant (resident),tristis,,,,,KT_1_713,,,148.29953,-36.50319
212099065,209399685,Kosciuscola tristis,1,1,1,Kate Umbers,2020,National Environmental Science Program (NESP),Extant (resident),tristis,,,,,KT_1_612,,,148.37349,-36.38358
188497902,184928219,Senecio halleri,1,1,1,Charlotte Phillips,2020,"Royal Botanic Gardens, Kew",Extant (resident),,,,,,,,2005,7.10195,45.36554
212099065,209399685,Kosciuscola tristis,1,1,1,Kate Umbers,2020,National Environmental Science Program (NESP),Extant (resident),tristis,,,,,KT_1_828,,,148.27733,-36.50586
212099065,209399685,Kosciuscola tristis,1,1,1,Kate Umbers,2020,National Environmental Science Program (NESP),Extant (resident),tristis,,,,,KT_1_601,,,148.37637,-36.38347
212099065,209399685,Kosciuscola tristis,1,1,1,Kate Umbers,2020,National Environmental Science Program (NESP),Extant (resident),tristis,,,,,ANIC,,,148.2634699,-36.45589663
212099065,209399685,Kosciuscola tristis,1,1,1,Kate Umbers,2020,National Environmental Science Program (NESP),Extant (resident),tristis,,,,,KT_1_611,,,148.37262,-36.3839
212099065,209399685,Kosciuscola tristis,1,1,1,Kate Umbers,2020,National Environmental Science Program (NESP),Extant (resident),tristis,,,,,KT_1_835,,,148.27047,-36.51633
212099065,209399685,Kosciuscola tristis,1,1,1,Kate Umbers,2020,National Environmental Science Program (NESP),Extant (resident),tristis,,,,,KT_1_677,,,148.26405,-36.51647
212099065,209399685,Kosciuscola tristis,1,1,1,Kate Umbers,2020,National Environmental Science Program (NESP),Extant (resident),tristis,,,,,KT_1_784,,,148.27242,-36.52475
117469952,117423069,Yucca baileyi,1,1,1,Raul Puente and Barbara Goettsch,2018,IUCN RL Agave and Yucca workshop,Extant (resident), ,,,,,DBG Seinet 2018,PreservedSpecimen,2012,-111.82207,36.8145
117469952,117423069,Yucca baileyi,1,1,1,Raul Puente and Barbara Goettsch,2018,IUCN RL Agave and Yucca workshop,Extant (resident), ,,,,,DBG Seinet 2018,PreservedSpecimen,2008,-111.774454,36.975007
212099065,209399685,Kosciuscola tristis,1,1,1,Kate Umbers,2020,National Environmental Science Program (NESP),Extant (resident),tristis,,,,,KT_1_698,,,148.27364,-36.5205
212099065,209399685,Kosciuscola tristis,1,1,1,Kate Umbers,2020,National Environmental Science Program (NESP),Extant (resident),tristis,,,,,KT_1_759,,,148.27686,-36.50389
212099065,209399685,Kosciuscola tristis,1,1,1,Kate Umbers,2020,National Environmental Science Program (NESP),Extant (resident),tristis,,,,,ANIC,,,148.2877401,-36.49406283
212099065,209399685,Kosciuscola tristis,1,1,1,Kate Umbers,2020,National Environmental Science Program (NESP),Extant (resident),tristis,,,,,KT_1_604,,,148.37637,-36.38347
117469952,117423069,Yucca baileyi,1,1,1,Raul Puente and Barbara Goettsch,2018,IUCN RL Agave and Yucca workshop,Extant (resident), ,,,,,DBG Seinet 2018,PreservedSpecimen,2010,-111.634437,36.906616
22484143,22483710,Acacia alpina,1,1,1,IUCN,2016,,Extant (resident),,,,,,,,,148.4075,-36.4025
212099065,209399685,Kosciuscola tristis,1,1,1,Kate Umbers,2020,National Environmental Science Program (NESP),Extant (resident),tristis,,,,,KT_1_730,,,148.29558,-36.49892
212099065,209399685,Kosciuscola tristis,1,1,1,Kate Umbers,2020,National Environmental Science Program (NESP),Extant (resident),tristis,,,,,KT_1_697,,,148.27317,-36.522
212099065,209399685,Kosciuscola tristis,1,1,1,Kate Umbers,2020,National Environmental Science Program (NESP),Extant (resident),tristis,,,,,KT_1_640,,,148.37779,-36.38284
212099065,209399685,Kosciuscola tristis,1,1,1,Kate Umbers,2020,National Environmental Science Program (NESP),Extant (resident),tristis,,,,,KT_1_764,,,148.27686,-36.50389
212099065,209399685,Kosciuscola tristis,1,1,1,Kate Umbers,2020,National Environmental Science Program (NESP),Extant (resident),tristis,,,,,KT_1_745,,,148.30281,-36.50319
117469952,117423069,Yucca baileyi,1,1,1,Raul Puente and Barbara Goettsch,2018,IUCN RL Agave and Yucca workshop,Extant (resident), ,,,,,DBG Seinet 2018,PreservedSpecimen,2011,-111.824884,36.899641
117469952,117423069,Yucca baileyi,1,1,1,Raul Puente and Barbara Goettsch,2018,IUCN RL Agave and Yucca workshop,Extant (resident),baileyi,,,,,DBG Seinet 2018,PreservedSpecimen,2001,-109.8336111,36.0486111
117469952,117423069,Yucca baileyi,1,1,1,Raul Puente and Barbara Goettsch,2018,IUCN RL Agave and Yucca workshop,Extant (resident), ,,,,,DBG Seinet 2018,PreservedSpecimen,0,-111.905386,36.731487
117469952,117423069,Yucca baileyi,1,1,1,Raul Puente and Barbara Goettsch,2018,IUCN RL Agave and Yucca workshop,Extant (resident), ,,,,,DBG Seinet 2018,PreservedSpecimen,1994,-109.3818,38.7048
117469952,117423069,Yucca baileyi,1,1,1,Raul Puente and Barbara Goettsch,2018,IUCN RL Agave and Yucca workshop,Extant (resident), ,,,,,DBG Seinet 2018,PreservedSpecimen,1929,-111.0228,35.0328
117469952,117423069,Yucca baileyi,1,1,1,Raul Puente and Barbara Goettsch,2018,IUCN RL Agave and Yucca workshop,Extant (resident), ,,,,,DBG Seinet 2018,PreservedSpecimen,1934,-110.1951,35.8125
212099065,209399685,Kosciuscola tristis,1,1,1,Kate Umbers,2020,National Environmental Science Program (NESP),Extant (resident),tristis,,,,,TAMUIC-IGC-001868,,,148.29497,-36.49532
212099065,209399685,Kosciuscola tristis,1,1,1,Kate Umbers,2020,National Environmental Science Program (NESP),Extant (resident),tristis,,,,,KT_1_682,,,148.27303,-36.52575
212099065,209399685,Kosciuscola tristis,1,1,1,Kate Umbers,2020,National Environmental Science Program (NESP),Extant (resident),tristis,,,,,KT_1_799,,,148.27422,-36.51789
212099065,209399685,Kosciuscola tristis,1,1,1,Kate Umbers,2020,National Environmental Science Program (NESP),Extant (resident),tristis,,,,,KT_1_779,,,148.27242,-36.52475
212099065,209399685,Kosciuscola tristis,1,1,1,Kate Umbers,2020,National Environmental Science Program (NESP),Extant (resident),tristis,,,,,TAMUIC-IGC-001897,,,148.3652,-36.37263
212099065,209399685,Kosciuscola tristis,1,1,1,Kate Umbers,2020,National Environmental Science Program (NESP),Extant (resident),tristis,,,,,KT_1_632,,,148.37639,-36.38298
117469952,117423069,Yucca baileyi,1,1,1,Raul Puente and Barbara Goettsch,2018,IUCN RL Agave and Yucca workshop,Extant (resident), ,,,,,DBG Seinet 2018,PreservedSpecimen,1966,-111.473,36.6795
212099065,209399685,Kosciuscola tristis,1,1,1,Kate Umbers,2020,National Environmental Science Program (NESP),Extant (resident),tristis,,,,,KT_1_802,,,148.27422,-36.51789
212099065,209399685,Kosciuscola tristis,1,1,1,Kate Umbers,2020,National Environmental Science Program (NESP),Extant (resident),tristis,,,,,KT_1_685,,,148.27289,-36.525
212099065,209399685,Kosciuscola tristis,1,1,1,Kate Umbers,2020,National Environmental Science Program (NESP),Extant (resident),tristis,,,,,KT_1_643,,,148.29501,-36.49594
175068395,161328537,Dingana alticola,1,1,1,"Mecenero S, Ball JB, Edge DA, Hamer ML, Henning GA, Krüger MA, Pringle EL, Terblanche RF & Williams MC",2013,Mecenero et al. (2013),Extant (resident),,,,,,African Butterfly Research institute,PreservedSpecimen,1995,30.11666667,-25.38333333
212099065,209399685,Kosciuscola tristis,1,1,1,Kate Umbers,2020,National Environmental Science Program (NESP),Extant (resident),tristis,,,,,KT_1_825,,,148.27047,-36.51633
212099065,209399685,Kosciuscola tristis,1,1,1,Kate Umbers,2020,National Environmental Science Program (NESP),Extant (resident),tristis,,,,,KT_1_740,,,148.30281,-36.50319
212099065,209399685,Kosciuscola tristis,1,1,1,Kate Umbers,2020,National Environmental Science Program (NESP),Extant (resident),tristis,,,,,KT_1_726,,,148.29558,-36.49892
212099065,209399685,Kosciuscola tristis,1,1,1,Kate Umbers,2020,National Environmental Science Program (NESP),Extant (resident),tristis,,,,,KT_1_808,,,148.27047,-36.51633
212099065,209399685,Kosciuscola tristis,1,1,1,Kate Umbers,2020,National Environmental Science Program (NESP),Extant (resident),tristis,,,,,KT_1_725,,,148.29558,-36.49892
212099065,209399685,Kosciuscola tristis,1,1,1,Kate Umbers,2020,National Environmental Science Program (NESP),Extant (resident),tristis,,,,,KT_1_606,,,148.37262,-36.3839
117469952,117423069,Yucca baileyi,1,1,1,Raul Puente and Barbara Goettsch,2018,IUCN RL Agave and Yucca workshop,Extant (resident), ,,,,,DBG Seinet 2018,PreservedSpecimen,2012,-111.628162,36.936749
212099065,209399685,Kosciuscola tristis,1,1,1,Kate Umbers,2020,National Environmental Science Program (NESP),Extant (resident),tristis,,,,,KT_1_610,,,148.37262,-36.3839
117469952,117423069,Yucca baileyi,1,1,1,Raul Puente and Barbara Goettsch,2018,IUCN RL Agave and Yucca workshop,Extant (resident), ,,,,,DBG Seinet 2018,PreservedSpecimen,1998,-112.72225,36.75265
212099065,209399685,Kosciuscola tristis,1,1,1,Kate Umbers,2020,National Environmental Science Program (NESP),Extant (resident),tristis,,,,,KT_1_674,,,148.26405,-36.51647
117469952,117423069,Yucca baileyi,1,1,1,Raul Puente and Barbara Goettsch,2018,IUCN RL Agave and Yucca workshop,Extant (resident), ,,,,,DBG Seinet 2018,PreservedSpecimen,0,-111.904417,36.734811
212099065,209399685,Kosciuscola tristis,1,1,1,Kate Umbers,2020,National Environmental Science Program (NESP),Extant (resident),tristis,,,,,KT_1_649,,,148.29501,-36.49594
196180248,190500977,Thaumatoperla alpina,1,1,1,Julia Mynott,2020,National Environmental Science Program (NESP),Extant (resident),,,Trib to Rocky Valley - Valley of the Moon,,,,,,147.26898,-36.86116
212099065,209399685,Kosciuscola tristis,1,1,1,Kate Umbers,2020,National Environmental Science Program (NESP),Extant (resident),tristis,,,,,KT_1_637,,,148.37779,-36.38284
212099065,209399685,Kosciuscola tristis,1,1,1,Kate Umbers,2020,National Environmental Science Program (NESP),Extant (resident),tristis,,,,,ANIC,,,148.2829203,-36.45012446
212099065,209399685,Kosciuscola tristis,1,1,1,Kate Umbers,2020,National Environmental Science Program (NESP),Extant (resident),tristis,,,,,ANIC,,,148.3279516,-36.43175259
212099065,209399685,Kosciuscola tristis,1,1,1,Kate Umbers,2020,National Environmental Science Program (NESP),Extant (resident),tristis,,,,,KT_1_853,,,148.27219,-36.50567
22484143,22483710,Acacia alpina,1,1,1,IUCN,2016,,Extant (resident),,,,,,,,,146.846111,-37.475833
212099065,209399685,Kosciuscola tristis,1,1,1,Kate Umbers,2020,National Environmental Science Program (NESP),Extant (resident),tristis,,,,,TAMUIC-IGC-001912,,,148.38754,-36.1481
175068395,161328537,Dingana alticola,1,1,1,"Mecenero S, Ball JB, Edge DA, Hamer ML, Henning GA, Krüger MA, Pringle EL, Terblanche RF & Williams MC",2013,Mecenero et al. (2013),Extant (resident),,,,,,LepSoc: D McDermott Collection,PreservedSpecimen,2002,30.078,-25.49681667
212099065,209399685,Kosciuscola tristis,1,1,1,Kate Umbers,2020,National Environmental Science Program (NESP),Extant (resident),tristis,,,,,KT_1_617,,,148.37349,-36.38358
117469952,117423069,Yucca baileyi,1,1,1,Raul Puente and Barbara Goettsch,2018,IUCN RL Agave and Yucca workshop,Extant (resident), ,,,,,DBG Seinet 2018,PreservedSpecimen,1970,-107.6786,36.7119
22484143,22483710,Acacia alpina,1,1,1,IUCN,2016,,Extant (resident),,,,,,,,,148.85972,-35.75972
196180248,190500977,Thaumatoperla alpina,1,1,1,Julia Mynott,2020,National Environmental Science Program (NESP),Extant (resident),,,Unnamed Tributary  -Little Arthur Track (flows into Lake Guy),,,,,,147.246207,-36.792684
212099065,209399685,Kosciuscola tristis,1,1,1,Kate Umbers,2020,National Environmental Science Program (NESP),Extant (resident),tristis,,,,,KT_1_650,,,148.29501,-36.49594
212099065,209399685,Kosciuscola tristis,1,1,1,Kate Umbers,2020,National Environmental Science Program (NESP),Extant (resident),tristis,,,,,KT_1_635,,,148.37639,-36.38298
188497902,184928219,Senecio halleri,1,1,1,Charlotte Phillips,2020,"Royal Botanic Gardens, Kew",Extant (resident),,,,,,,,2005,8.033333,45.983333
117469952,117423069,Yucca baileyi,1,1,1,Raul Puente and Barbara Goettsch,2018,IUCN RL Agave and Yucca workshop,Extant (resident),baileyi,,,,,DBG Seinet 2018,PreservedSpecimen,2002,-107.3625,37.0236111
212099065,209399685,Kosciuscola tristis,1,1,1,Kate Umbers,2020,National Environmental Science Program (NESP),Extant (resident),tristis,,,,,KT_1_763,,,148.27686,-36.50389
196180248,190500977,Thaumatoperla alpina,1,1,1,Julia Mynott,2020,National Environmental Science Program (NESP),Extant (resident),,,Big Hill Creek,,,,,,147.185021,-36.774487
212099065,209399685,Kosciuscola tristis,1,1,1,Kate Umbers,2020,National Environmental Science Program (NESP),Extant (resident),tristis,,,,,TAMUIC-IGC-001893,,,148.3652,-36.37263
212099065,209399685,Kosciuscola tristis,1,1,1,Kate Umbers,2020,National Environmental Science Program (NESP),Extant (resident),tristis,,,,,KT_1_848,,,148.26794,-36.51242
22484143,22483710,Acacia alpina,1,1,1,IUCN,2016,,Extant (resident),,,,,,,,,148.367778,-36.099722
212099065,209399685,Kosciuscola tristis,1,1,1,Kate Umbers,2020,National Environmental Science Program (NESP),Extant (resident),tristis,,,,,KT_1_666,,,148.29018,-36.49295
212099065,209399685,Kosciuscola tristis,1,1,1,Kate Umbers,2020,National Environmental Science Program (NESP),Extant (resident),tristis,,,,,KT_1_651,,,148.29501,-36.49594
175068395,161328537,Dingana alticola,1,1,1,"Mecenero S, Ball JB, Edge DA, Hamer ML, Henning GA, Krüger MA, Pringle EL, Terblanche RF & Williams MC",2013,Mecenero et al. (2013),Extant (resident),,,,,,African Butterfly Research institute,PreservedSpecimen,1995,30.2,-25.33333333
212099065,209399685,Kosciuscola tristis,1,1,1,Kate Umbers,2020,National Environmental Science Program (NESP),Extant (resident),tristis,,,,,KT_1_812,,,148.27047,-36.51633
212099065,209399685,Kosciuscola tristis,1,1,1,Kate Umbers,2020,National Environmental Science Program (NESP),Extant (resident),tristis,,,,,KT_1_679,,,148.26405,-36.51647
212099065,209399685,Kosciuscola tristis,1,1,1,Kate Umbers,2020,National Environmental Science Program (NESP),Extant (resident),tristis,,,,,KT_1_675,,,148.26405,-36.51647
117469952,117423069,Yucca baileyi,1,1,1,Raul Puente and Barbara Goettsch,2018,IUCN RL Agave and Yucca workshop,Extant (resident), ,,,,,DBG Seinet 2018,PreservedSpecimen,1996,-109.965611,37.231139
212099065,209399685,Kosciuscola tristis,1,1,1,Kate Umbers,2020,National Environmental Science Program (NESP),Extant (resident),tristis,,,,,KT_1_755,,,148.27686,-36.50389
212099065,209399685,Kosciuscola tristis,1,1,1,Kate Umbers,2020,National Environmental Science Program (NESP),Extant (resident),tristis,,,,,TAMUIC-IGC-001895,,,148.3652,-36.37263
212099065,209399685,Kosciuscola tristis,1,1,1,Kate Umbers,2020,National Environmental Science Program (NESP),Extant (resident),tristis,,,,,KT_1_660,,,148.29018,-36.49295
117469952,117423069,Yucca baileyi,1,1,1,Raul Puente and Barbara Goettsch,2018,IUCN RL Agave and Yucca workshop,Extant (resident),baileyi,,,,,DBG Seinet 2018,PreservedSpecimen,2003,-109.1519444,36.4863889
212099065,209399685,Kosciuscola tristis,1,1,1,Kate Umbers,2020,National Environmental Science Program (NESP),Extant (resident),tristis,,,,,KT_1_657,,,148.29018,-36.49295
212099065,209399685,Kosciuscola tristis,1,1,1,Kate Umbers,2020,National Environmental Science Program (NESP),Extant (resident),tristis,,,,,KT_1_646,,,148.29501,-36.49594
117469952,117423069,Yucca baileyi,1,1,1,Raul Puente and Barbara Goettsch,2018,IUCN RL Agave and Yucca workshop,Extant (resident), ,,,,,DBG Seinet 2018,PreservedSpecimen,2003,-109.2205556,36.5322222
117469952,117423069,Yucca baileyi,1,1,1,Raul Puente and Barbara Goettsch,2018,IUCN RL Agave and Yucca workshop,Extant (resident), ,,,,,DBG Seinet 2018,PreservedSpecimen,2012,-111.742423,36.889296
212099065,209399685,Kosciuscola tristis,1,1,1,Kate Umbers,2020,National Environmental Science Program (NESP),Extant (resident),tristis,,,,,KT_1_644,,,148.29501,-36.49594
212099065,209399685,Kosciuscola tristis,1,1,1,Kate Umbers,2020,National Environmental Science Program (NESP),Extant (resident),tristis,,,,,KT_1_736,,,148.29292,-36.50064
212099065,209399685,Kosciuscola tristis,1,1,1,Kate Umbers,2020,National Environmental Science Program (NESP),Extant (resident),tristis,,,,,KT_1_831,,,148.27733,-36.50586
117469952,117423069,Yucca baileyi,1,1,1,Raul Puente and Barbara Goettsch,2018,IUCN RL Agave and Yucca workshop,Extant (resident), ,,,,,DBG Seinet 2018,PreservedSpecimen,2015,-111.980582,36.954923
212099065,209399685,Kosciuscola tristis,1,1,1,Kate Umbers,2020,National Environmental Science Program (NESP),Extant (resident),tristis,,,,,KT_1_846,,,148.26794,-36.51242
175068395,161328537,Dingana alticola,1,1,1,"Mecenero S, Ball JB, Edge DA, Hamer ML, Henning GA, Krüger MA, Pringle EL, Terblanche RF & Williams MC",2013,Mecenero et al. (2013),Extant (resident),,,,,,LepSoc: JB Ball Collection,PreservedSpecimen,1995,30.1,-25.4
212099065,209399685,Kosciuscola tristis,1,1,1,Kate Umbers,2020,National Environmental Science Program (NESP),Extant (resident),tristis,,,,,TAMUIC-IGC-002045,,,148.38507,-36.30508
212099065,209399685,Kosciuscola tristis,1,1,1,Kate Umbers,2020,National Environmental Science Program (NESP),Extant (resident),tristis,,,,,KT_1_625,,,148.37639,-36.38298
175068395,161328537,Dingana alticola,1,1,1,"Mecenero S, Ball JB, Edge DA, Hamer ML, Henning GA, Krüger MA, Pringle EL, Terblanche RF & Williams MC",2013,Mecenero et al. (2013),Extant (resident),,,,,,LepSoc: WR Steele Collection,PreservedSpecimen,1988,30.18333333,-25.36666667
117469952,117423069,Yucca baileyi,1,1,1,Raul Puente and Barbara Goettsch,2018,IUCN RL Agave and Yucca workshop,Extant (resident), ,,,,,DBG Seinet 2018,PreservedSpecimen,2010,-111.802809,35.48344
22484143,22483710,Acacia alpina,1,1,1,IUCN,2016,,Extant (resident),,,,,,,,,148.8833,-35.675
212099065,209399685,Kosciuscola tristis,1,1,1,Kate Umbers,2020,National Environmental Science Program (NESP),Extant (resident),tristis,,,,,KT_1_695,,,148.27289,-36.525
212099065,209399685,Kosciuscola tristis,1,1,1,Kate Umbers,2020,National Environmental Science Program (NESP),Extant (resident),tristis,,,,,ANIC,,,148.3976879,-36.42025304
212099065,209399685,Kosciuscola tristis,1,1,1,Kate Umbers,2020,National Environmental Science Program (NESP),Extant (resident),tristis,,,,,KT_1_849,,,148.27219,-36.50567
212099065,209399685,Kosciuscola tristis,1,1,1,Kate Umbers,2020,National Environmental Science Program (NESP),Extant (resident),tristis,,,,,KT_1_600,,,148.37637,-36.38347
117469952,117423069,Yucca baileyi,1,1,1,Raul Puente and Barbara Goettsch,2018,IUCN RL Agave and Yucca workshop,Extant (resident), ,,,,,DBG Seinet 2018,PreservedSpecimen,2012,-111.74242,36.88929
212099065,209399685,Kosciuscola tristis,1,1,1,Kate Umbers,2020,National Environmental Science Program (NESP),Extant (resident),tristis,,,,,KT_1_715,,,148.29953,-36.50319
212099065,209399685,Kosciuscola tristis,1,1,1,Kate Umbers,2020,National Environmental Science Program (NESP),Extant (resident),tristis,,,,,KT_1_670,,,148.29018,-36.49295
212099065,209399685,Kosciuscola tristis,1,1,1,Kate Umbers,2020,National Environmental Science Program (NESP),Extant (resident),tristis,,,,,KT_1_681,,,148.27303,-36.52575
212099065,209399685,Kosciuscola tristis,1,1,1,Kate Umbers,2020,National Environmental Science Program (NESP),Extant (resident),tristis,,,,,KT_1_782,,,148.27242,-36.52475
117469952,117423069,Yucca baileyi,1,1,1,Raul Puente and Barbara Goettsch,2018,IUCN RL Agave and Yucca workshop,Extant (resident), ,,,,,DBG Seinet 2018,PreservedSpecimen,1978,-110.331,34.973
117469952,117423069,Yucca baileyi,1,1,1,Raul Puente and Barbara Goettsch,2018,IUCN RL Agave and Yucca workshop,Extant (resident), ,,,,,DBG Seinet 2018,PreservedSpecimen,2005,-111.127343,35.765383
22484143,22483710,Acacia alpina,1,1,1,IUCN,2016,,Extant (resident),,,,,,,,,148.25,-37.0667
117469952,117423069,Yucca baileyi,1,1,1,Raul Puente and Barbara Goettsch,2018,IUCN RL Agave and Yucca workshop,Extant (resident), ,,,,,DBG Seinet 2018,PreservedSpecimen,1967,-111.504046,35.364175
212099065,209399685,Kosciuscola tristis,1,1,1,Kate Umbers,2020,National Environmental Science Program (NESP),Extant (resident),tristis,,,,,KT_1_742,,,148.30281,-36.50319
212099065,209399685,Kosciuscola tristis,1,1,1,Kate Umbers,2020,National Environmental Science Program (NESP),Extant (resident),tristis,,,,,ANIC,,,148.3860575,-36.28887596
117469952,117423069,Yucca baileyi,1,1,1,Raul Puente and Barbara Goettsch,2018,IUCN RL Agave and Yucca workshop,Extant (resident), ,,,,,DBG Seinet 2018,PreservedSpecimen,2012,-111.770653,36.783719
117469952,117423069,Yucca baileyi,1,1,1,Raul Puente and Barbara Goettsch,2018,IUCN RL Agave and Yucca workshop,Extant (resident),Yucca standleyi,,,,,DBG Seinet 2018,PreservedSpecimen,1968,-106.68604,37.70036
212099065,209399685,Kosciuscola tristis,1,1,1,Kate Umbers,2020,National Environmental Science Program (NESP),Extant (resident),tristis,,,,,KT_1_836,,,148.27047,-36.51633
212099065,209399685,Kosciuscola tristis,1,1,1,Kate Umbers,2020,National Environmental Science Program (NESP),Extant (resident),tristis,,,,,KT_1_794,,,148.27422,-36.51789
22484143,22483710,Acacia alpina,1,1,1,IUCN,2016,,Extant (resident),,,,,,,,,146.7667,-36.7333
117469952,117423069,Yucca baileyi,1,1,1,Raul Puente and Barbara Goettsch,2018,IUCN RL Agave and Yucca workshop,Extant (resident),baileyi,,,,,DBG Seinet 2018,PreservedSpecimen,2002,-108.9772222,37.5841667
22484143,22483710,Acacia alpina,1,1,1,IUCN,2016,,Extant (resident),,,,,,,,,148.85,-35.85
212099065,209399685,Kosciuscola tristis,1,1,1,Kate Umbers,2020,National Environmental Science Program (NESP),Extant (resident),tristis,,,,,KT_1_795,,,148.27422,-36.51789
212099065,209399685,Kosciuscola tristis,1,1,1,Kate Umbers,2020,National Environmental Science Program (NESP),Extant (resident),tristis,,,,,KT_1_696,,,148.27317,-36.522
212099065,209399685,Kosciuscola tristis,1,1,1,Kate Umbers,2020,National Environmental Science Program (NESP),Extant (resident),tristis,,,,,KT_1_798,,,148.27422,-36.51789
212099065,209399685,Kosciuscola tristis,1,1,1,Kate Umbers,2020,National Environmental Science Program (NESP),Extant (resident),tristis,,,,,KT_1_781,,,148.27242,-36.52475
117469952,117423069,Yucca baileyi,1,1,1,Raul Puente and Barbara Goettsch,2018,IUCN RL Agave and Yucca workshop,Extant (resident), ,,,,,DBG Seinet 2018,PreservedSpecimen,2013,-111.779717,36.74588
22484143,22483710,Acacia alpina,1,1,1,IUCN,2016,,Extant (resident),,,,,,,,,148.3119,-35.9758
212099065,209399685,Kosciuscola tristis,1,1,1,Kate Umbers,2020,National Environmental Science Program (NESP),Extant (resident),tristis,,,,,KT_1_749,,,148.30281,-36.50319
117469952,117423069,Yucca baileyi,1,1,1,Raul Puente and Barbara Goettsch,2018,IUCN RL Agave and Yucca workshop,Extant (resident), ,,,,,DBG Seinet 2018,PreservedSpecimen,2000,-111.74948,37.14968
212099065,209399685,Kosciuscola tristis,1,1,1,Kate Umbers,2020,National Environmental Science Program (NESP),Extant (resident),tristis,,,,,KT_1_739,,,148.30281,-36.50319
22484143,22483710,Acacia alpina,1,1,1,IUCN,2016,,Extant (resident),,,,,,,,,146.7722,-36.7725
212099065,209399685,Kosciuscola tristis,1,1,1,Kate Umbers,2020,National Environmental Science Program (NESP),Extant (resident),tristis,,,,,KT_1_631,,,148.37639,-36.38298
212099065,209399685,Kosciuscola tristis,1,1,1,Kate Umbers,2020,National Environmental Science Program (NESP),Extant (resident),tristis,,,,,KT_1_731,,,148.29558,-36.49892
212099065,209399685,Kosciuscola tristis,1,1,1,Kate Umbers,2020,National Environmental Science Program (NESP),Extant (resident),tristis,,,,,KT_1_623,,,148.37459,-36.38344
212099065,209399685,Kosciuscola tristis,1,1,1,Kate Umbers,2020,National Environmental Science Program (NESP),Extant (resident),tristis,,,,,TAMUIC-IGC-001871,,,148.29497,-36.49532
196180248,190500977,Thaumatoperla alpina,1,1,1,Julia Mynott,2020,National Environmental Science Program (NESP),Extant (resident),,,"unnamed tributary of Whiterock Creek, between Howmans Gap and Falls Ck",,,,,,147.3137,-36.81056
117469952,117423069,Yucca baileyi,1,1,1,Raul Puente and Barbara Goettsch,2018,IUCN RL Agave and Yucca workshop,Extant (resident), ,,,,,DBG Seinet 2018,PreservedSpecimen,1996,-111.688,36.7829
212099065,209399685,Kosciuscola tristis,1,1,1,Kate Umbers,2020,National Environmental Science Program (NESP),Extant (resident),tristis,,,,,KT_1_820,,,148.27047,-36.51633
175068395,161328537,Dingana alticola,1,1,1,"Mecenero S, Ball JB, Edge DA, Hamer ML, Henning GA, Krüger MA, Pringle EL, Terblanche RF & Williams MC",2013,Mecenero et al. (2013),Extant (resident),,,,,,SABCA Literature,HumanObservation,1989,30.15,-25.28833333
175068395,161328537,Dingana alticola,1,1,1,"Mecenero S, Ball JB, Edge DA, Hamer ML, Henning GA, Krüger MA, Pringle EL, Terblanche RF & Williams MC",2013,Mecenero et al. (2013),Extant (resident),,,,,,LepSoc: WR Steele Collection,PreservedSpecimen,1996,30.18333333,-25.36666667
212099065,209399685,Kosciuscola tristis,1,1,1,Kate Umbers,2020,National Environmental Science Program (NESP),Extant (resident),tristis,,,,,KT_1_609,,,148.37262,-36.3839
212099065,209399685,Kosciuscola tristis,1,1,1,Kate Umbers,2020,National Environmental Science Program (NESP),Extant (resident),tristis,,,,,KT_1_633,,,148.37639,-36.38298
212099065,209399685,Kosciuscola tristis,1,1,1,Kate Umbers,2020,National Environmental Science Program (NESP),Extant (resident),tristis,,,,,KT_1_614,,,148.37349,-36.38358
212099065,209399685,Kosciuscola tristis,1,1,1,Kate Umbers,2020,National Environmental Science Program (NESP),Extant (resident),tristis,,,,,KT_1_862,,,148.29042,-36.49269
117469952,117423069,Yucca baileyi,1,1,1,Raul Puente and Barbara Goettsch,2018,IUCN RL Agave and Yucca workshop,Extant (resident),Yucca navajoa,,,,,DBG Seinet 2018,PreservedSpecimen,1966,-111.473,36.8956
212099065,209399685,Kosciuscola tristis,1,1,1,Kate Umbers,2020,National Environmental Science Program (NESP),Extant (resident),tristis,,,,,KT_1_729,,,148.29558,-36.49892
117469952,117423069,Yucca baileyi,1,1,1,Raul Puente and Barbara Goettsch,2018,IUCN RL Agave and Yucca workshop,Extant (resident), ,,,,,DBG Seinet 2018,PreservedSpecimen,2012,-111.822075,36.814502
175068395,161328537,Dingana alticola,1,1,1,"Mecenero S, Ball JB, Edge DA, Hamer ML, Henning GA, Krüger MA, Pringle EL, Terblanche RF & Williams MC",2013,Mecenero et al. (2013),Extant (resident),,,,,,LepSoc: G Henning Collection,PreservedSpecimen,1997,30.13055556,-25.39916667
117469952,117423069,Yucca baileyi,1,1,1,Raul Puente and Barbara Goettsch,2018,IUCN RL Agave and Yucca workshop,Extant (resident), ,,,,,DBG Seinet 2018,PreservedSpecimen,2002,-108.6922222,37.3236111
212099065,209399685,Kosciuscola tristis,1,1,1,Kate Umbers,2020,National Environmental Science Program (NESP),Extant (resident),tristis,,,,,KT_1_824,,,148.27047,-36.51633
212099065,209399685,Kosciuscola tristis,1,1,1,Kate Umbers,2020,National Environmental Science Program (NESP),Extant (resident),tristis,,,,,KT_1_766,,,148.27686,-36.50389
212099065,209399685,Kosciuscola tristis,1,1,1,Kate Umbers,2020,National Environmental Science Program (NESP),Extant (resident),tristis,,,,,KT_1_707,,,148.27053,-36.50758
196180248,190500977,Thaumatoperla alpina,1,1,1,Julia Mynott,2020,National Environmental Science Program (NESP),Extant (resident),,,Tawonga Hut Creek tributary,,,,,,147.19971,-36.87858
212099065,209399685,Kosciuscola tristis,1,1,1,Kate Umbers,2020,National Environmental Science Program (NESP),Extant (resident),tristis,,,,,KT_1_786,,,148.27242,-36.52475
212099065,209399685,Kosciuscola tristis,1,1,1,Kate Umbers,2020,National Environmental Science Program (NESP),Extant (resident),tristis,,,,,KT_1_791,,,148.27422,-36.51789
117469952,117423069,Yucca baileyi,1,1,1,Raul Puente and Barbara Goettsch,2018,IUCN RL Agave and Yucca workshop,Extant (resident), ,,,,,DBG Seinet 2018,PreservedSpecimen,2010,-111.905386,36.731487
212099065,209399685,Kosciuscola tristis,1,1,1,Kate Umbers,2020,National Environmental Science Program (NESP),Extant (resident),tristis,,,,,KT_1_783,,,148.27242,-36.52475
212099065,209399685,Kosciuscola tristis,1,1,1,Kate Umbers,2020,National Environmental Science Program (NESP),Extant (resident),tristis,,,,,KT_1_805,,,148.27422,-36.51789
117469952,117423069,Yucca baileyi,1,1,1,Raul Puente and Barbara Goettsch,2018,IUCN RL Agave and Yucca workshop,Extant (resident),baileyi,,,,,DBG Seinet 2018,PreservedSpecimen,1957,-107.87427,37.01129
212099065,209399685,Kosciuscola tristis,1,1,1,Kate Umbers,2020,National Environmental Science Program (NESP),Extant (resident),tristis,,,,,KT_1_723,,,148.29558,-36.49892
212099065,209399685,Kosciuscola tristis,1,1,1,Kate Umbers,2020,National Environmental Science Program (NESP),Extant (resident),tristis,,,,,KT_1_620,,,148.37459,-36.38344
117469952,117423069,Yucca baileyi,1,1,1,Raul Puente and Barbara Goettsch,2018,IUCN RL Agave and Yucca workshop,Extant (resident), ,,,,,DBG Seinet 2018,PreservedSpecimen,0,-111.634437,36.906616
188497902,184928219,Senecio halleri,1,1,1,Charlotte Phillips,2020,"Royal Botanic Gardens, Kew",Extant (resident),,,,,,,,2005,7.958033,45.902408
212099065,209399685,Kosciuscola tristis,1,1,1,Kate Umbers,2020,National Environmental Science Program (NESP),Extant (resident),tristis,,,,,KT_1_683,,,148.27289,-36.525
212099065,209399685,Kosciuscola tristis,1,1,1,Kate Umbers,2020,National Environmental Science Program (NESP),Extant (resident),tristis,,,,,TAMUIC-IGC-001909,,,148.38754,-36.1481
212099065,209399685,Kosciuscola tristis,1,1,1,Kate Umbers,2020,National Environmental Science Program (NESP),Extant (resident),tristis,,,,,KT_1_663,,,148.29018,-36.49295
117469952,117423069,Yucca baileyi,1,1,1,Raul Puente and Barbara Goettsch,2018,IUCN RL Agave and Yucca workshop,Extant (resident), ,,,,,DBG Seinet 2018,PreservedSpecimen,1935,-111.2399,36.135
212099065,209399685,Kosciuscola tristis,1,1,1,Kate Umbers,2020,National Environmental Science Program (NESP),Extant (resident),tristis,,,,,KT_1_741,,,148.30281,-36.50319
175068395,161328537,Dingana alticola,1,1,1,"Mecenero S, Ball JB, Edge DA, Hamer ML, Henning GA, Krüger MA, Pringle EL, Terblanche RF & Williams MC",2013,Mecenero et al. (2013),Extant (resident),,,,,,SABCA Literature,PreservedSpecimen,2008,30.13333333,-25.3
188497902,184928219,Senecio halleri,1,1,1,Charlotte Phillips,2020,"Royal Botanic Gardens, Kew",Extant (resident),,,,,,,,2008,7.217667,45.514
175068395,161328537,Dingana alticola,1,1,1,"Mecenero S, Ball JB, Edge DA, Hamer ML, Henning GA, Krüger MA, Pringle EL, Terblanche RF & Williams MC",2013,Mecenero et al. (2013),Extant (resident),,,,,,LepSoc: OG Garvie Collection,HumanObservation,2004,30.066667,-25.516667
117469952,117423069,Yucca baileyi,1,1,1,Raul Puente and Barbara Goettsch,2018,IUCN RL Agave and Yucca workshop,Extant (resident), ,,,,,DBG Seinet 2018,PreservedSpecimen,2013,-111.680615,36.888719
212099065,209399685,Kosciuscola tristis,1,1,1,Kate Umbers,2020,National Environmental Science Program (NESP),Extant (resident),tristis,,,,,KT_1_748,,,148.30281,-36.50319
212099065,209399685,Kosciuscola tristis,1,1,1,Kate Umbers,2020,National Environmental Science Program (NESP),Extant (resident),tristis,,,,,KT_1_821,,,148.27047,-36.51633
117469952,117423069,Yucca baileyi,1,1,1,Raul Puente and Barbara Goettsch,2018,IUCN RL Agave and Yucca workshop,Extant (resident), ,,,,,DBG Seinet 2018,PreservedSpecimen,1996,-112.72225,36
117469952,117423069,Yucca baileyi,1,1,1,Raul Puente and Barbara Goettsch,2018,IUCN RL Agave and Yucca workshop,Extant (resident), ,,,,,DBG Seinet 2018,PreservedSpecimen,2012,-110.639818,35.0084872
188497902,184928219,Senecio halleri,1,1,1,Charlotte Phillips,2020,"Royal Botanic Gardens, Kew",Extant (resident),,,,,,,,2005,7.368641,45.599778
212099065,209399685,Kosciuscola tristis,1,1,1,Kate Umbers,2020,National Environmental Science Program (NESP),Extant (resident),tristis,,,,,KT_1_658,,,148.29018,-36.49295
117469952,117423069,Yucca baileyi,1,1,1,Raul Puente and Barbara Goettsch,2018,IUCN RL Agave and Yucca workshop,Extant (resident),baileyi,,,,,DBG Seinet 2018,PreservedSpecimen,1975,-108.2128167,36.7628972
212099065,209399685,Kosciuscola tristis,1,1,1,Kate Umbers,2020,National Environmental Science Program (NESP),Extant (resident),tristis,,,,,KT_1_852,,,148.27219,-36.50567
212099065,209399685,Kosciuscola tristis,1,1,1,Kate Umbers,2020,National Environmental Science Program (NESP),Extant (resident),tristis,,,,,KT_1_664,,,148.29018,-36.49295
117469952,117423069,Yucca baileyi,1,1,1,Raul Puente and Barbara Goettsch,2018,IUCN RL Agave and Yucca workshop,Extant (resident),Yucca navajoa,,,,,DBG Seinet 2018,PreservedSpecimen,1973,-109.637,36.9669
212099065,209399685,Kosciuscola tristis,1,1,1,Kate Umbers,2020,National Environmental Science Program (NESP),Extant (resident),tristis,,,,,KT_1_622,,,148.37459,-36.38344
212099065,209399685,Kosciuscola tristis,1,1,1,Kate Umbers,2020,National Environmental Science Program (NESP),Extant (resident),tristis,,,,,KT_1_630,,,148.37639,-36.38298
212099065,209399685,Kosciuscola tristis,1,1,1,Kate Umbers,2020,National Environmental Science Program (NESP),Extant (resident),tristis,,,,,KT_1_823,,,148.27047,-36.51633
117469952,117423069,Yucca baileyi,1,1,1,Raul Puente and Barbara Goettsch,2018,IUCN RL Agave and Yucca workshop,Extant (resident), ,,,,,DBG Seinet 2018,PreservedSpecimen,2011,-111.896329,36.955661
212099065,209399685,Kosciuscola tristis,1,1,1,Kate Umbers,2020,National Environmental Science Program (NESP),Extant (resident),tristis,,,,,KT_1_803,,,148.27422,-36.51789
196180248,190500977,Thaumatoperla alpina,1,1,1,Julia Mynott,2020,National Environmental Science Program (NESP),Extant (resident),,,Trib to North Nelse -Spion Kopje,,,,,,147.28793,-36.82933
212099065,209399685,Kosciuscola tristis,1,1,1,Kate Umbers,2020,National Environmental Science Program (NESP),Extant (resident),tristis,,,,,KT_1_672,,,148.26405,-36.51647
212099065,209399685,Kosciuscola tristis,1,1,1,Kate Umbers,2020,National Environmental Science Program (NESP),Extant (resident),tristis,,,,,KT_1_758,,,148.27686,-36.50389
212099065,209399685,Kosciuscola tristis,1,1,1,Kate Umbers,2020,National Environmental Science Program (NESP),Extant (resident),tristis,,,,,KT_1_756,,,148.27686,-36.50389
188497902,184928219,Senecio halleri,1,1,1,Charlotte Phillips,2020,"Royal Botanic Gardens, Kew",Extant (resident),,,,,,,,2005,8.083333,46.3
22484143,22483710,Acacia alpina,1,1,1,IUCN,2016,,Extant (resident),,,,,,,,,146.4,-37.4333
212099065,209399685,Kosciuscola tristis,1,1,1,Kate Umbers,2020,National Environmental Science Program (NESP),Extant (resident),tristis,,,,,KT_1_659,,,148.29018,-36.49295
212099065,209399685,Kosciuscola tristis,1,1,1,Kate Umbers,2020,National Environmental Science Program (NESP),Extant (resident),tristis,,,,,KT_1_615,,,148.37349,-36.38358
212099065,209399685,Kosciuscola tristis,1,1,1,Kate Umbers,2020,National Environmental Science Program (NESP),Extant (resident),tristis,,,,,TAMUIC-IGC-001870,,,148.29497,-36.49532
212099065,209399685,Kosciuscola tristis,1,1,1,Kate Umbers,2020,National Environmental Science Program (NESP),Extant (resident),tristis,,,,,KT_1_738,,,148.29292,-36.50064
117469952,117423069,Yucca baileyi,1,1,1,Raul Puente and Barbara Goettsch,2018,IUCN RL Agave and Yucca workshop,Extant (resident), ,,,,,DBG Seinet 2018,PreservedSpecimen,2016,-111.9485,36.697694
117469952,117423069,Yucca baileyi,1,1,1,Raul Puente and Barbara Goettsch,2018,IUCN RL Agave and Yucca workshop,Extant (resident), ,,,,,DBG Seinet 2018,PreservedSpecimen,2010,-111.904417,36.734811
212099065,209399685,Kosciuscola tristis,1,1,1,Kate Umbers,2020,National Environmental Science Program (NESP),Extant (resident),tristis,,,,,KT_1_686,,,148.27289,-36.525
212099065,209399685,Kosciuscola tristis,1,1,1,Kate Umbers,2020,National Environmental Science Program (NESP),Extant (resident),tristis,,,,,KT_1_750,,,148.29953,-36.50319
212099065,209399685,Kosciuscola tristis,1,1,1,Kate Umbers,2020,National Environmental Science Program (NESP),Extant (resident),tristis,,,,,ANIC,,,148.2346011,-36.51537083
212099065,209399685,Kosciuscola tristis,1,1,1,Kate Umbers,2020,National Environmental Science Program (NESP),Extant (resident),tristis,,,,,KT_1_851,,,148.27219,-36.50567
175068395,161328537,Dingana alticola,1,1,1,"Mecenero S, Ball JB, Edge DA, Hamer ML, Henning GA, Krüger MA, Pringle EL, Terblanche RF & Williams MC",2013,Mecenero et al. (2013),Extant (resident),,,,,,LepSoc: SE Woodhall Collection,HumanObservation,1996,30.158333,-25.288333
212099065,209399685,Kosciuscola tristis,1,1,1,Kate Umbers,2020,National Environmental Science Program (NESP),Extant (resident),tristis,,,,,KT_1_839,,,148.27047,-36.51633
212099065,209399685,Kosciuscola tristis,1,1,1,Kate Umbers,2020,National Environmental Science Program (NESP),Extant (resident),tristis,,,,,KT_1_815,,,148.27047,-36.51633
175068395,161328537,Dingana alticola,1,1,1,"Mecenero S, Ball JB, Edge DA, Hamer ML, Henning GA, Krüger MA, Pringle EL, Terblanche RF & Williams MC",2013,Mecenero et al. (2013),Extant (resident),,,,,,SABCA Field Surveys,PreservedSpecimen,2009,30.13658333,-25.39566667
212099065,209399685,Kosciuscola tristis,1,1,1,Kate Umbers,2020,National Environmental Science Program (NESP),Extant (resident),tristis,,,,,KT_1_699,,,148.27364,-36.5205
212099065,209399685,Kosciuscola tristis,1,1,1,Kate Umbers,2020,National Environmental Science Program (NESP),Extant (resident),tristis,,,,,KT_1_809,,,148.27047,-36.51633
117469952,117423069,Yucca baileyi,1,1,1,Raul Puente and Barbara Goettsch,2018,IUCN RL Agave and Yucca workshop,Extant (resident), ,,,,,DBG Seinet 2018,PreservedSpecimen,2003,-111.9865,36.882833
117469952,117423069,Yucca baileyi,1,1,1,Raul Puente and Barbara Goettsch,2018,IUCN RL Agave and Yucca workshop,Extant (resident), ,,,,,DBG Seinet 2018,PreservedSpecimen,1978,-113.048,36.3163
212099065,209399685,Kosciuscola tristis,1,1,1,Kate Umbers,2020,National Environmental Science Program (NESP),Extant (resident),tristis,,,,,KT_1_810,,,148.27047,-36.51633
212099065,209399685,Kosciuscola tristis,1,1,1,Kate Umbers,2020,National Environmental Science Program (NESP),Extant (resident),tristis,,,,,KT_1_855,,,148.29042,-36.49269
212099065,209399685,Kosciuscola tristis,1,1,1,Kate Umbers,2020,National Environmental Science Program (NESP),Extant (resident),tristis,,,,,KT_1_607,,,148.37262,-36.3839
212099065,209399685,Kosciuscola tristis,1,1,1,Kate Umbers,2020,National Environmental Science Program (NESP),Extant (resident),tristis,,,,,KT_1_702,,,148.27274,-36.50199
212099065,209399685,Kosciuscola tristis,1,1,1,Kate Umbers,2020,National Environmental Science Program (NESP),Extant (resident),tristis,,,,,KT_1_608,,,148.37262,-36.3839
188497902,184928219,Senecio halleri,1,1,1,Charlotte Phillips,2020,"Royal Botanic Gardens, Kew",Extant (resident),,,,,,,,2005,7.933333,46.1
212099065,209399685,Kosciuscola tristis,1,1,1,Kate Umbers,2020,National Environmental Science Program (NESP),Extant (resident),tristis,,,,,KT_1_850,,,148.27219,-36.50567
212099065,209399685,Kosciuscola tristis,1,1,1,Kate Umbers,2020,National Environmental Science Program (NESP),Extant (resident),tristis,,,,,KT_1_652,,,148.29018,-36.49295
212099065,209399685,Kosciuscola tristis,1,1,1,Kate Umbers,2020,National Environmental Science Program (NESP),Extant (resident),tristis,,,,,ANIC,,,148.2635558,-36.45634536
117469952,117423069,Yucca baileyi,1,1,1,Raul Puente and Barbara Goettsch,2018,IUCN RL Agave and Yucca workshop,Extant (resident), ,,,,,DBG Seinet 2018,PreservedSpecimen,1999,-111.906917,36.69535
212099065,209399685,Kosciuscola tristis,1,1,1,Kate Umbers,2020,National Environmental Science Program (NESP),Extant (resident),tristis,,,,,ANIC,,,148.407859,-36.40417759
212099065,209399685,Kosciuscola tristis,1,1,1,Kate Umbers,2020,National Environmental Science Program (NESP),Extant (resident),tristis,,,,,KT_1_701,,,148.27431,-36.51744
175068395,161328537,Dingana alticola,1,1,1,"Mecenero S, Ball JB, Edge DA, Hamer ML, Henning GA, Krüger MA, Pringle EL, Terblanche RF & Williams MC",2013,Mecenero et al. (2013),Extant (resident),,,,,,LepSoc: G Henning Collection,PreservedSpecimen,1995,30.13055556,-25.39916667
188497902,184928219,Senecio halleri,1,1,1,Charlotte Phillips,2020,"Royal Botanic Gardens, Kew",Extant (resident),,,,,,,,1966,7.12287,45.419832
212099065,209399685,Kosciuscola tristis,1,1,1,Kate Umbers,2020,National Environmental Science Program (NESP),Extant (resident),tristis,,,,,KT_1_771,,,148.27694,-36.50197
212099065,209399685,Kosciuscola tristis,1,1,1,Kate Umbers,2020,National Environmental Science Program (NESP),Extant (resident),tristis,,,,,TAMUIC-IGC-001880,,,148.25883,-36.42245
22484143,22483710,Acacia alpina,1,1,1,IUCN,2016,,Extant (resident),,,,,,,,,145.875833,-37.482778
212099065,209399685,Kosciuscola tristis,1,1,1,Kate Umbers,2020,National Environmental Science Program (NESP),Extant (resident),tristis,,,,,KT_1_613,,,148.37349,-36.38358
212099065,209399685,Kosciuscola tristis,1,1,1,Kate Umbers,2020,National Environmental Science Program (NESP),Extant (resident),tristis,,,,,KT_1_774,,,148.27242,-36.52475
117469952,117423069,Yucca baileyi,1,1,1,Raul Puente and Barbara Goettsch,2018,IUCN RL Agave and Yucca workshop,Extant (resident), ,,,,,DBG Seinet 2018,PreservedSpecimen,1959,-108.521088,37.173526
212099065,209399685,Kosciuscola tristis,1,1,1,Kate Umbers,2020,National Environmental Science Program (NESP),Extant (resident),tristis,,,,,ANIC,,,148.3363914,-36.44274447
196180248,190500977,Thaumatoperla alpina,1,1,1,Julia Mynott,2020,National Environmental Science Program (NESP),Extant (resident),,,McKay Upper,,,,,,147.261467,-36.870533
212099065,209399685,Kosciuscola tristis,1,1,1,Kate Umbers,2020,National Environmental Science Program (NESP),Extant (resident),tristis,,,,,KT_1_761,,,148.27686,-36.50389
22484143,22483710,Acacia alpina,1,1,1,IUCN,2016,,Extant (resident),,,,,,,,,148.8667,-35.7333
196180248,190500977,Thaumatoperla alpina,1,1,1,Julia Mynott,2020,National Environmental Science Program (NESP),Extant (resident),,,SaltCampCreek - Fainter south,,,,,,147.20193,-36.86083
117469952,117423069,Yucca baileyi,1,1,1,Raul Puente and Barbara Goettsch,2018,IUCN RL Agave and Yucca workshop,Extant (resident), ,,,,,DBG Seinet 2018,PreservedSpecimen,1967,-110.67,35.92
117469952,117423069,Yucca baileyi,1,1,1,Raul Puente and Barbara Goettsch,2018,IUCN RL Agave and Yucca workshop,Extant (resident), ,,,,,DBG Seinet 2018,PreservedSpecimen,2010,-111.610958,36.880381
117469952,117423069,Yucca baileyi,1,1,1,Raul Puente and Barbara Goettsch,2018,IUCN RL Agave and Yucca workshop,Extant (resident), ,,,,,DBG Seinet 2018,PreservedSpecimen,2004,-109.151944,36.486389
196180248,190500977,Thaumatoperla alpina,1,1,1,Julia Mynott,2020,National Environmental Science Program (NESP),Extant (resident),,,Trib of Pretty Valley Creek on Bogong High Plains Rd,,,,,,147.224338,-36.811487
212099065,209399685,Kosciuscola tristis,1,1,1,Kate Umbers,2020,National Environmental Science Program (NESP),Extant (resident),tristis,,,,,KT_1_847,,,148.26794,-36.51242
117469952,117423069,Yucca baileyi,1,1,1,Raul Puente and Barbara Goettsch,2018,IUCN RL Agave and Yucca workshop,Extant (resident), ,,,,,DBG Seinet 2018,PreservedSpecimen,2012,-111.820314,36.814451
117469952,117423069,Yucca baileyi,1,1,1,Raul Puente and Barbara Goettsch,2018,IUCN RL Agave and Yucca workshop,Extant (resident), ,,,,,DBG Seinet 2018,PreservedSpecimen,1937,-109.438465,35.83317
117469952,117423069,Yucca baileyi,1,1,1,Raul Puente and Barbara Goettsch,2018,IUCN RL Agave and Yucca workshop,Extant (resident), ,,,,,DBG Seinet 2018,PreservedSpecimen,1937,-110.985205,35.929623
22484143,22483710,Acacia alpina,1,1,1,IUCN,2016,,Extant (resident),,,,,,,,,147.0833,-37.0083
117469952,117423069,Yucca baileyi,1,1,1,Raul Puente and Barbara Goettsch,2018,IUCN RL Agave and Yucca workshop,Extant (resident), ,,,,,DBG Seinet 2018,PreservedSpecimen,0,-111.617357,36.780196
212099065,209399685,Kosciuscola tristis,1,1,1,Kate Umbers,2020,National Environmental Science Program (NESP),Extant (resident),tristis,,,,,KT_1_647,,,148.29501,-36.49594
117469952,117423069,Yucca baileyi,1,1,1,Raul Puente and Barbara Goettsch,2018,IUCN RL Agave and Yucca workshop,Extant (resident), ,,,,,DBG Seinet 2018,PreservedSpecimen,2008,-111.708984,36.790591
117469952,117423069,Yucca baileyi,1,1,1,Raul Puente and Barbara Goettsch,2018,IUCN RL Agave and Yucca workshop,Extant (resident), ,,,,,DBG Seinet 2018,PreservedSpecimen,2006,-111.884317,36.732483
117469952,117423069,Yucca baileyi,1,1,1,Raul Puente and Barbara Goettsch,2018,IUCN RL Agave and Yucca workshop,Extant (resident), ,,,,,DBG Seinet 2018,PreservedSpecimen,1973,-107.6786,36.7119
117469952,117423069,Yucca baileyi,1,1,1,Raul Puente and Barbara Goettsch,2018,IUCN RL Agave and Yucca workshop,Extant (resident), ,,,,,DBG Seinet 2018,PreservedSpecimen,2011,-111.896981,36.958631
212099065,209399685,Kosciuscola tristis,1,1,1,Kate Umbers,2020,National Environmental Science Program (NESP),Extant (resident),tristis,,,,,KT_1_636,,,148.37639,-36.38298
212099065,209399685,Kosciuscola tristis,1,1,1,Kate Umbers,2020,National Environmental Science Program (NESP),Extant (resident),tristis,,,,,KT_1_811,,,148.27047,-36.51633
212099065,209399685,Kosciuscola tristis,1,1,1,Kate Umbers,2020,National Environmental Science Program (NESP),Extant (resident),tristis,,,,,KT_1_816,,,148.27047,-36.51633
212099065,209399685,Kosciuscola tristis,1,1,1,Kate Umbers,2020,National Environmental Science Program (NESP),Extant (resident),tristis,,,,,KT_1_714,,,148.29953,-36.50319
117469952,117423069,Yucca baileyi,1,1,1,Raul Puente and Barbara Goettsch,2018,IUCN RL Agave and Yucca workshop,Extant (resident), ,,,,,DBG Seinet 2018,PreservedSpecimen,2003,-111.9865,36.88283
22484143,22483710,Acacia alpina,1,1,1,IUCN,2016,,Extant (resident),,,,,,,,,147.595,-37.129722
212099065,209399685,Kosciuscola tristis,1,1,1,Kate Umbers,2020,National Environmental Science Program (NESP),Extant (resident),tristis,,,,,KT_1_734,,,148.29558,-36.49892
212099065,209399685,Kosciuscola tristis,1,1,1,Kate Umbers,2020,National Environmental Science Program (NESP),Extant (resident),tristis,,,,,KT_1_772,,,148.27694,-36.50197
117469952,117423069,Yucca baileyi,1,1,1,Raul Puente and Barbara Goettsch,2018,IUCN RL Agave and Yucca workshop,Extant (resident),baileyi,,,,,DBG Seinet 2018,PreservedSpecimen,2006,-108.0060167,36.8353333
212099065,209399685,Kosciuscola tristis,1,1,1,Kate Umbers,2020,National Environmental Science Program (NESP),Extant (resident),tristis,,,,,KT_1_777,,,148.27242,-36.52475
212099065,209399685,Kosciuscola tristis,1,1,1,Kate Umbers,2020,National Environmental Science Program (NESP),Extant (resident),tristis,,,,,KT_1_627,,,148.37639,-36.38298
117469952,117423069,Yucca baileyi,1,1,1,Raul Puente and Barbara Goettsch,2018,IUCN RL Agave and Yucca workshop,Extant (resident), ,,,,,DBG Seinet 2018,PreservedSpecimen,2012,-111.77065,36.78371
212099065,209399685,Kosciuscola tristis,1,1,1,Kate Umbers,2020,National Environmental Science Program (NESP),Extant (resident),tristis,,,,,TAMUIC-IGC-002046,,,148.38507,-36.30508
212099065,209399685,Kosciuscola tristis,1,1,1,Kate Umbers,2020,National Environmental Science Program (NESP),Extant (resident),tristis,,,,,KT_1_689,,,148.27317,-36.522
212099065,209399685,Kosciuscola tristis,1,1,1,Kate Umbers,2020,National Environmental Science Program (NESP),Extant (resident),tristis,,,,,KT_1_692,,,148.27317,-36.522
212099065,209399685,Kosciuscola tristis,1,1,1,Kate Umbers,2020,National Environmental Science Program (NESP),Extant (resident),tristis,,,,,KT_1_603,,,148.37637,-36.38347
196180248,190500977,Thaumatoperla alpina,1,1,1,Julia Mynott,2020,National Environmental Science Program (NESP),Extant (resident),,,McKay1,,,,,,147.256433,-36.8705
22484143,22483710,Acacia alpina,1,1,1,IUCN,2016,,Extant (resident),,,,,,,,,145.88,-37.483056
212099065,209399685,Kosciuscola tristis,1,1,1,Kate Umbers,2020,National Environmental Science Program (NESP),Extant (resident),tristis,,,,,KT_1_829,,,148.27733,-36.50586
117469952,117423069,Yucca baileyi,1,1,1,Raul Puente and Barbara Goettsch,2018,IUCN RL Agave and Yucca workshop,Extant (resident), ,,,,,DBG Seinet 2018,PreservedSpecimen,1963,-108.730127,38.365373
212099065,209399685,Kosciuscola tristis,1,1,1,Kate Umbers,2020,National Environmental Science Program (NESP),Extant (resident),tristis,,,,,TAMUIC-IGC-001869,,,148.29497,-36.49532
196180248,190500977,Thaumatoperla alpina,1,1,1,Julia Mynott,2020,National Environmental Science Program (NESP),Extant (resident),,,Trib to North Nelse - Big River Track,,,,,,147.335,-36.83852
212099065,209399685,Kosciuscola tristis,1,1,1,Kate Umbers,2020,National Environmental Science Program (NESP),Extant (resident),tristis,,,,,KT_1_813,,,148.27047,-36.51633
212099065,209399685,Kosciuscola tristis,1,1,1,Kate Umbers,2020,National Environmental Science Program (NESP),Extant (resident),tristis,,,,,KT_1_724,,,148.29558,-36.49892
117469952,117423069,Yucca baileyi,1,1,1,Raul Puente and Barbara Goettsch,2018,IUCN RL Agave and Yucca workshop,Extant (resident), ,,,,,DBG Seinet 2018,PreservedSpecimen,2001,-112.035017,37.001067
212099065,209399685,Kosciuscola tristis,1,1,1,Kate Umbers,2020,National Environmental Science Program (NESP),Extant (resident),tristis,,,,,KT_1_778,,,148.27242,-36.52475
117469952,117423069,Yucca baileyi,1,1,1,Raul Puente and Barbara Goettsch,2018,IUCN RL Agave and Yucca workshop,Extant (resident),baileyi,,,,,DBG Seinet 2018,PreservedSpecimen,2001,-110.1672222,36.78
212099065,209399685,Kosciuscola tristis,1,1,1,Kate Umbers,2020,National Environmental Science Program (NESP),Extant (resident),tristis,,,,,KT_1_639,,,148.37779,-36.38284
212099065,209399685,Kosciuscola tristis,1,1,1,Kate Umbers,2020,National Environmental Science Program (NESP),Extant (resident),tristis,,,,,KT_1_669,,,148.29018,-36.49295
22484143,22483710,Acacia alpina,1,1,1,IUCN,2016,,Extant (resident),,,,,,,,,148.4,-36.36667
212099065,209399685,Kosciuscola tristis,1,1,1,Kate Umbers,2020,National Environmental Science Program (NESP),Extant (resident),tristis,,,,,KT_1_728,,,148.29558,-36.49892
212099065,209399685,Kosciuscola tristis,1,1,1,Kate Umbers,2020,National Environmental Science Program (NESP),Extant (resident),tristis,,,,,KT_1_841,,,148.26456,-36.51717
212099065,209399685,Kosciuscola tristis,1,1,1,Kate Umbers,2020,National Environmental Science Program (NESP),Extant (resident),tristis,,,,,KT_1_858,,,148.26794,-36.51242
212099065,209399685,Kosciuscola tristis,1,1,1,Kate Umbers,2020,National Environmental Science Program (NESP),Extant (resident),tristis,,,,,KT_1_618,,,148.37459,-36.38344
212099065,209399685,Kosciuscola tristis,1,1,1,Kate Umbers,2020,National Environmental Science Program (NESP),Extant (resident),tristis,,,,,KT_1_752,,,148.29953,-36.50319
117469952,117423069,Yucca baileyi,1,1,1,Raul Puente and Barbara Goettsch,2018,IUCN RL Agave and Yucca workshop,Extant (resident), ,,,,,DBG Seinet 2018,PreservedSpecimen,0,-111.735066,36.926147
212099065,209399685,Kosciuscola tristis,1,1,1,Kate Umbers,2020,National Environmental Science Program (NESP),Extant (resident),tristis,,,,,KT_1_822,,,148.27047,-36.51633
196180248,190500977,Thaumatoperla alpina,1,1,1,Julia Mynott,2020,National Environmental Science Program (NESP),Extant (resident),,,Trib Mt Jaithmathang Creek,,,,,,147.20835,-36.90968
212099065,209399685,Kosciuscola tristis,1,1,1,Kate Umbers,2020,National Environmental Science Program (NESP),Extant (resident),tristis,,,,,KT_1_837,,,148.27047,-36.51633
117469952,117423069,Yucca baileyi,1,1,1,Raul Puente and Barbara Goettsch,2018,IUCN RL Agave and Yucca workshop,Extant (resident), ,,,,,DBG Seinet 2018,PreservedSpecimen,2009,-111.729892,36.75055
212099065,209399685,Kosciuscola tristis,1,1,1,Kate Umbers,2020,National Environmental Science Program (NESP),Extant (resident),tristis,,,,,KT_1_662,,,148.29018,-36.49295
117469952,117423069,Yucca baileyi,1,1,1,Raul Puente and Barbara Goettsch,2018,IUCN RL Agave and Yucca workshop,Extant (resident),Yucca navajoa,,,,,DBG Seinet 2018,PreservedSpecimen,1962,-110.043,34.7814
22484143,22483710,Acacia alpina,1,1,1,IUCN,2016,,Extant (resident),,,,,,,,,146.784722,-36.738056
212099065,209399685,Kosciuscola tristis,1,1,1,Kate Umbers,2020,National Environmental Science Program (NESP),Extant (resident),tristis,,,,,KT_1_860,,,148.26794,-36.51242
212099065,209399685,Kosciuscola tristis,1,1,1,Kate Umbers,2020,National Environmental Science Program (NESP),Extant (resident),tristis,,,,,KT_1_619,,,148.37459,-36.38344
117469952,117423069,Yucca baileyi,1,1,1,Raul Puente and Barbara Goettsch,2018,IUCN RL Agave and Yucca workshop,Extant (resident),baileyi,,,,,DBG Seinet 2018,PreservedSpecimen,2003,-109.7322222,37.8358333
212099065,209399685,Kosciuscola tristis,1,1,1,Kate Umbers,2020,National Environmental Science Program (NESP),Extant (resident),tristis,,,,,KT_1_765,,,148.27686,-36.50389
212099065,209399685,Kosciuscola tristis,1,1,1,Kate Umbers,2020,National Environmental Science Program (NESP),Extant (resident),tristis,,,,,KT_1_775,,,148.27242,-36.52475
212099065,209399685,Kosciuscola tristis,1,1,1,Kate Umbers,2020,National Environmental Science Program (NESP),Extant (resident),tristis,,,,,TAMUIC-IGC-001894,,,148.3652,-36.37263
212099065,209399685,Kosciuscola tristis,1,1,1,Kate Umbers,2020,National Environmental Science Program (NESP),Extant (resident),tristis,,,,,KT_1_712,,,148.29953,-36.50319
22484143,22483710,Acacia alpina,1,1,1,IUCN,2016,,Extant (resident),,,,,,,,,148.8667,-35.7833
188497902,184928219,Senecio halleri,1,1,1,Charlotte Phillips,2020,"Royal Botanic Gardens, Kew",Extant (resident),,,,,,,,2005,8.107722,46.176347
212099065,209399685,Kosciuscola tristis,1,1,1,Kate Umbers,2020,National Environmental Science Program (NESP),Extant (resident),tristis,,,,,KT_1_711,,,148.29953,-36.50319
117469952,117423069,Yucca baileyi,1,1,1,Raul Puente and Barbara Goettsch,2018,IUCN RL Agave and Yucca workshop,Extant (resident),Yucca navajoa,,,,,DBG Seinet 2018,PreservedSpecimen,1966,-111.473,36.6795
22484143,22483710,Acacia alpina,1,1,1,IUCN,2016,,Extant (resident),,,,,,,,,146.82,-36.73
22484143,22483710,Acacia alpina,1,1,1,IUCN,2016,,Extant (resident),,,,,,,,,146.794247,-36.732647
117469952,117423069,Yucca baileyi,1,1,1,Raul Puente and Barbara Goettsch,2018,IUCN RL Agave and Yucca workshop,Extant (resident), ,,,,,DBG Seinet 2018,PreservedSpecimen,1967,-111.503,35.3642
212099065,209399685,Kosciuscola tristis,1,1,1,Kate Umbers,2020,National Environmental Science Program (NESP),Extant (resident),tristis,,,,,KT_1_793,,,148.27422,-36.51789
212099065,209399685,Kosciuscola tristis,1,1,1,Kate Umbers,2020,National Environmental Science Program (NESP),Extant (resident),tristis,,,,,KT_1_863,,,148.29042,-36.49269
212099065,209399685,Kosciuscola tristis,1,1,1,Kate Umbers,2020,National Environmental Science Program (NESP),Extant (resident),tristis,,,,,KT_1_737,,,148.29292,-36.50064
117469952,117423069,Yucca baileyi,1,1,1,Raul Puente and Barbara Goettsch,2018,IUCN RL Agave and Yucca workshop,Extant (resident), ,,,,,DBG Seinet 2018,PreservedSpecimen,1999,-111.949933,36.686117
212099065,209399685,Kosciuscola tristis,1,1,1,Kate Umbers,2020,National Environmental Science Program (NESP),Extant (resident),tristis,,,,,ANIC,,,148.2645356,-36.46489664
212099065,209399685,Kosciuscola tristis,1,1,1,Kate Umbers,2020,National Environmental Science Program (NESP),Extant (resident),tristis,,,,,KT_1_840,,,148.27394,-36.52228
175068395,161328537,Dingana alticola,1,1,1,"Mecenero S, Ball JB, Edge DA, Hamer ML, Henning GA, Krüger MA, Pringle EL, Terblanche RF & Williams MC",2013,Mecenero et al. (2013),Extant (resident),,,,,,LepSoc: WR Steele Collection,PreservedSpecimen,1995,30.11666667,-25.38333333
117469952,117423069,Yucca baileyi,1,1,1,Raul Puente and Barbara Goettsch,2018,IUCN RL Agave and Yucca workshop,Extant (resident), ,,,,,DBG Seinet 2018,PreservedSpecimen,1976,-109.074622,34.946278
117469952,117423069,Yucca baileyi,1,1,1,Raul Puente and Barbara Goettsch,2018,IUCN RL Agave and Yucca workshop,Extant (resident), ,,,,,DBG Seinet 2018,PreservedSpecimen,2005,-111.8786111,37.1011111
117469952,117423069,Yucca baileyi,1,1,1,Raul Puente and Barbara Goettsch,2018,IUCN RL Agave and Yucca workshop,Extant (resident), ,,,,,DBG Seinet 2018,PreservedSpecimen,2012,-111.799332,36.780483
22484143,22483710,Acacia alpina,1,1,1,IUCN,2016,,Extant (resident),,,,,,,,,146.845643,-37.510145
212099065,209399685,Kosciuscola tristis,1,1,1,Kate Umbers,2020,National Environmental Science Program (NESP),Extant (resident),tristis,,,,,KT_1_773,,,148.27242,-36.52475
212099065,209399685,Kosciuscola tristis,1,1,1,Kate Umbers,2020,National Environmental Science Program (NESP),Extant (resident),tristis,,,,,KT_1_768,,,148.27694,-36.50197
22484143,22483710,Acacia alpina,1,1,1,IUCN,2016,,Extant (resident),,,,,,,,,148.648741,-35.863853
212099065,209399685,Kosciuscola tristis,1,1,1,Kate Umbers,2020,National Environmental Science Program (NESP),Extant (resident),tristis,,,,,KT_1_690,,,148.27317,-36.522
212099065,209399685,Kosciuscola tristis,1,1,1,Kate Umbers,2020,National Environmental Science Program (NESP),Extant (resident),tristis,,,,,KT_1_656,,,148.29018,-36.49295
212099065,209399685,Kosciuscola tristis,1,1,1,Kate Umbers,2020,National Environmental Science Program (NESP),Extant (resident),tristis,,,,,KT_1_867,,,148.26794,-36.51242
212099065,209399685,Kosciuscola tristis,1,1,1,Kate Umbers,2020,National Environmental Science Program (NESP),Extant (resident),tristis,,,,,KT_1_732,,,148.29558,-36.49892
212099065,209399685,Kosciuscola tristis,1,1,1,Kate Umbers,2020,National Environmental Science Program (NESP),Extant (resident),tristis,,,,,KT_1_859,,,148.26794,-36.51242
212099065,209399685,Kosciuscola tristis,1,1,1,Kate Umbers,2020,National Environmental Science Program (NESP),Extant (resident),tristis,,,,,KT_1_830,,,148.27733,-36.50586
117469952,117423069,Yucca baileyi,1,1,1,Raul Puente and Barbara Goettsch,2018,IUCN RL Agave and Yucca workshop,Extant (resident), ,,,,,DBG Seinet 2018,PreservedSpecimen,2016,-110.33035,35.013733
212099065,209399685,Kosciuscola tristis,1,1,1,Kate Umbers,2020,National Environmental Science Program (NESP),Extant (resident),tristis,,,,,KT_1_642,,,148.29501,-36.49594
212099065,209399685,Kosciuscola tristis,1,1,1,Kate Umbers,2020,National Environmental Science Program (NESP),Extant (resident),tristis,,,,,KT_1_843,,,148.26456,-36.51717
117469952,117423069,Yucca baileyi,1,1,1,Raul Puente and Barbara Goettsch,2018,IUCN RL Agave and Yucca workshop,Extant (resident), ,,,,,DBG Seinet 2018,PreservedSpecimen,1988,-109.074,37.164
212099065,209399685,Kosciuscola tristis,1,1,1,Kate Umbers,2020,National Environmental Science Program (NESP),Extant (resident),tristis,,,,,KT_1_861,,,148.29042,-36.49269
212099065,209399685,Kosciuscola tristis,1,1,1,Kate Umbers,2020,National Environmental Science Program (NESP),Extant (resident),tristis,,,,,KT_1_708,,,148.27053,-36.50758
22484143,22483710,Acacia alpina,1,1,1,IUCN,2016,,Extant (resident),,,,,,,,,148.4275,-36.391944
212099065,209399685,Kosciuscola tristis,1,1,1,Kate Umbers,2020,National Environmental Science Program (NESP),Extant (resident),tristis,,,,,KT_1_747,,,148.30281,-36.50319
22484143,22483710,Acacia alpina,1,1,1,IUCN,2016,,Extant (resident),,,,,,,,,146.797156,-36.743815
196180248,190500977,Thaumatoperla alpina,1,1,1,Julia Mynott,2020,National Environmental Science Program (NESP),Extant (resident),,,North Nelse Creek,,,,,,147.3062,-36.83325
212099065,209399685,Kosciuscola tristis,1,1,1,Kate Umbers,2020,National Environmental Science Program (NESP),Extant (resident),tristis,,,,,KT_1_680,,,148.27303,-36.52575
212099065,209399685,Kosciuscola tristis,1,1,1,Kate Umbers,2020,National Environmental Science Program (NESP),Extant (resident),tristis,,,,,KT_1_800,,,148.27422,-36.51789
212099065,209399685,Kosciuscola tristis,1,1,1,Kate Umbers,2020,National Environmental Science Program (NESP),Extant (resident),tristis,,,,,TAMUIC-IGC-001872,,,148.29497,-36.49532
117469952,117423069,Yucca baileyi,1,1,1,Raul Puente and Barbara Goettsch,2018,IUCN RL Agave and Yucca workshop,Extant (resident), ,,,,,DBG Seinet 2018,PreservedSpecimen,2011,-111.735066,36.926147
117469952,117423069,Yucca baileyi,1,1,1,Raul Puente and Barbara Goettsch,2018,IUCN RL Agave and Yucca workshop,Extant (resident), ,,,,,DBG Seinet 2018,PreservedSpecimen,1966,-111.44497,36.69949
212099065,209399685,Kosciuscola tristis,1,1,1,Kate Umbers,2020,National Environmental Science Program (NESP),Extant (resident),tristis,,,,,KT_1_634,,,148.37639,-36.38298
212099065,209399685,Kosciuscola tristis,1,1,1,Kate Umbers,2020,National Environmental Science Program (NESP),Extant (resident),tristis,,,,,KT_1_687,,,148.27289,-36.525
22484143,22483710,Acacia alpina,1,1,1,IUCN,2016,,Extant (resident),,,,,,,,,146.502457,-37.69933
117469952,117423069,Yucca baileyi,1,1,1,Raul Puente and Barbara Goettsch,2018,IUCN RL Agave and Yucca workshop,Extant (resident), ,,,,,DBG Seinet 2018,PreservedSpecimen,0,-111.610958,36.880381
212099065,209399685,Kosciuscola tristis,1,1,1,Kate Umbers,2020,National Environmental Science Program (NESP),Extant (resident),tristis,,,,,ANIC,,,148.470288,-36.37245099
188497902,184928219,Senecio halleri,1,1,1,Charlotte Phillips,2020,"Royal Botanic Gardens, Kew",Extant (resident),,,,,,,,2005,8.533333,46.05
212099065,209399685,Kosciuscola tristis,1,1,1,Kate Umbers,2020,National Environmental Science Program (NESP),Extant (resident),tristis,,,,,ANIC,,,148.4850435,-36.35995754
117469952,117423069,Yucca baileyi,1,1,1,Raul Puente and Barbara Goettsch,2018,IUCN RL Agave and Yucca workshop,Extant (resident), ,,,,,DBG Seinet 2018,PreservedSpecimen,2012,-110.639818,35.084872
212099065,209399685,Kosciuscola tristis,1,1,1,Kate Umbers,2020,National Environmental Science Program (NESP),Extant (resident),tristis,,,,,KT_1_616,,,148.37349,-36.38358
117469952,117423069,Yucca baileyi,1,1,1,Raul Puente and Barbara Goettsch,2018,IUCN RL Agave and Yucca workshop,Extant (resident), ,,,,,DBG Seinet 2018,PreservedSpecimen,2012,-111.991359,36.948388
117469952,117423069,Yucca baileyi,1,1,1,Raul Puente and Barbara Goettsch,2018,IUCN RL Agave and Yucca workshop,Extant (resident), ,,,,,DBG Seinet 2018,PreservedSpecimen,1978,-111.919,36.6943
117469952,117423069,Yucca baileyi,1,1,1,Raul Puente and Barbara Goettsch,2018,IUCN RL Agave and Yucca workshop,Extant (resident), ,,,,,DBG Seinet 2018,PreservedSpecimen,1950,-110.1587,34.9022
212099065,209399685,Kosciuscola tristis,1,1,1,Kate Umbers,2020,National Environmental Science Program (NESP),Extant (resident),tristis,,,,,KT_1_722,,,148.29558,-36.49892
212099065,209399685,Kosciuscola tristis,1,1,1,Kate Umbers,2020,National Environmental Science Program (NESP),Extant (resident),tristis,,,,,KT_1_838,,,148.27047,-36.51633
117469952,117423069,Yucca baileyi,1,1,1,Raul Puente and Barbara Goettsch,2018,IUCN RL Agave and Yucca workshop,Extant (resident),baileyi,,,,,DBG Seinet 2018,PreservedSpecimen,1951,-108.66594,37.31613
22484143,22483710,Acacia alpina,1,1,1,IUCN,2016,,Extant (resident),,,,,,,,,148.567,-36.0667
212099065,209399685,Kosciuscola tristis,1,1,1,Kate Umbers,2020,National Environmental Science Program (NESP),Extant (resident),tristis,,,,,KT_1_703,,,148.27364,-36.5205
117469952,117423069,Yucca baileyi,1,1,1,Raul Puente and Barbara Goettsch,2018,IUCN RL Agave and Yucca workshop,Extant (resident), ,,,,,DBG Seinet 2018,PreservedSpecimen,2005,-111.12734,35.76538
117469952,117423069,Yucca baileyi,1,1,1,Raul Puente and Barbara Goettsch,2018,IUCN RL Agave and Yucca workshop,Extant (resident), ,,,,,DBG Seinet 2018,PreservedSpecimen,1998,-112.722,36.7527
212099065,209399685,Kosciuscola tristis,1,1,1,Kate Umbers,2020,National Environmental Science Program (NESP),Extant (resident),tristis,,,,,KT_1_797,,,148.27422,-36.51789
212099065,209399685,Kosciuscola tristis,1,1,1,Kate Umbers,2020,National Environmental Science Program (NESP),Extant (resident),tristis,,,,,TAMUIC-IGC-002048,,,148.38507,-36.30508
117469952,117423069,Yucca baileyi,1,1,1,Raul Puente and Barbara Goettsch,2018,IUCN RL Agave and Yucca workshop,Extant (resident), ,,,,,DBG Seinet 2018,PreservedSpecimen,2013,-111.991359,36.948388
212099065,209399685,Kosciuscola tristis,1,1,1,Kate Umbers,2020,National Environmental Science Program (NESP),Extant (resident),tristis,,,,,KT_1_866,,,148.26794,-36.51242
212099065,209399685,Kosciuscola tristis,1,1,1,Kate Umbers,2020,National Environmental Science Program (NESP),Extant (resident),tristis,,,,,KT_1_688,,,148.27289,-36.525
212099065,209399685,Kosciuscola tristis,1,1,1,Kate Umbers,2020,National Environmental Science Program (NESP),Extant (resident),tristis,,,,,KT_1_754,,,148.27686,-36.50389
117469952,117423069,Yucca baileyi,1,1,1,Raul Puente and Barbara Goettsch,2018,IUCN RL Agave and Yucca workshop,Extant (resident), ,,,,,DBG Seinet 2018,PreservedSpecimen,0,-112.035017,37.001067
117469952,117423069,Yucca baileyi,1,1,1,Raul Puente and Barbara Goettsch,2018,IUCN RL Agave and Yucca workshop,Extant (resident), ,,,,,DBG Seinet 2018,PreservedSpecimen,1997,-108.8397222,35.9219444
212099065,209399685,Kosciuscola tristis,1,1,1,Kate Umbers,2020,National Environmental Science Program (NESP),Extant (resident),tristis,,,,,KT_1_654,,,148.29018,-36.49295
117469952,117423069,Yucca baileyi,1,1,1,Raul Puente and Barbara Goettsch,2018,IUCN RL Agave and Yucca workshop,Extant (resident), ,,,,,DBG Seinet 2018,PreservedSpecimen,2010,-111.617357,36.780196
22484143,22483710,Acacia alpina,1,1,1,IUCN,2016,,Extant (resident),,,,,,,,,148.433333,-36.383333
212099065,209399685,Kosciuscola tristis,1,1,1,Kate Umbers,2020,National Environmental Science Program (NESP),Extant (resident),tristis,,,,,ANIC,,,148.2610223,-36.5240784
212099065,209399685,Kosciuscola tristis,1,1,1,Kate Umbers,2020,National Environmental Science Program (NESP),Extant (resident),tristis,,,,,KT_1_818,,,148.27047,-36.51633
117469952,117423069,Yucca baileyi,1,1,1,Raul Puente and Barbara Goettsch,2018,IUCN RL Agave and Yucca workshop,Extant (resident), ,,,,,DBG Seinet 2018,PreservedSpecimen,1940,-111.3699,35.5203
22484143,22483710,Acacia alpina,1,1,1,IUCN,2016,,Extant (resident),,,,,,,,,148.45,-35.8667
117469952,117423069,Yucca baileyi,1,1,1,Raul Puente and Barbara Goettsch,2018,IUCN RL Agave and Yucca workshop,Extant (resident), ,,,,,DBG Seinet 2018,PreservedSpecimen,2000,-109.6479,37.5558
175068395,161328537,Dingana alticola,1,1,1,"Mecenero S, Ball JB, Edge DA, Hamer ML, Henning GA, Krüger MA, Pringle EL, Terblanche RF & Williams MC",2013,Mecenero et al. (2013),Extant (resident),,,,,,LepSoc: OG Garvie Collection,HumanObservation,2004,30.083333,-25.55
212099065,209399685,Kosciuscola tristis,1,1,1,Kate Umbers,2020,National Environmental Science Program (NESP),Extant (resident),tristis,,,,,KT_1_684,,,148.27289,-36.525
212099065,209399685,Kosciuscola tristis,1,1,1,Kate Umbers,2020,National Environmental Science Program (NESP),Extant (resident),tristis,,,,,KT_1_767,,,148.27686,-36.50389
212099065,209399685,Kosciuscola tristis,1,1,1,Kate Umbers,2020,National Environmental Science Program (NESP),Extant (resident),tristis,,,,,KT_1_710,,,148.30281,-36.50319
212099065,209399685,Kosciuscola tristis,1,1,1,Kate Umbers,2020,National Environmental Science Program (NESP),Extant (resident),tristis,,,,,KT_1_700,,,148.27431,-36.51744
212099065,209399685,Kosciuscola tristis,1,1,1,Kate Umbers,2020,National Environmental Science Program (NESP),Extant (resident),tristis,,,,,KT_1_864,,,148.26794,-36.51242
212099065,209399685,Kosciuscola tristis,1,1,1,Kate Umbers,2020,National Environmental Science Program (NESP),Extant (resident),tristis,,,,,KT_1_691,,,148.27317,-36.522
212099065,209399685,Kosciuscola tristis,1,1,1,Kate Umbers,2020,National Environmental Science Program (NESP),Extant (resident),tristis,,,,,KT_1_804,,,148.27422,-36.51789
22484143,22483710,Acacia alpina,1,1,1,IUCN,2016,,Extant (resident),,,,,,,,,147.13,-36.98
175068395,161328537,Dingana alticola,1,1,1,"Mecenero S, Ball JB, Edge DA, Hamer ML, Henning GA, Krüger MA, Pringle EL, Terblanche RF & Williams MC",2013,Mecenero et al. (2013),Extant (resident),,,,,,African Butterfly Research institute,PreservedSpecimen,1996,30.18333333,-25.36666667
212099065,209399685,Kosciuscola tristis,1,1,1,Kate Umbers,2020,National Environmental Science Program (NESP),Extant (resident),tristis,,,,,KT_1_676,,,148.26405,-36.51647
212099065,209399685,Kosciuscola tristis,1,1,1,Kate Umbers,2020,National Environmental Science Program (NESP),Extant (resident),tristis,,,,,TAMUIC-IGC-002020,,,148.38507,-36.19154
212099065,209399685,Kosciuscola tristis,1,1,1,Kate Umbers,2020,National Environmental Science Program (NESP),Extant (resident),tristis,,,,,KT_1_641,,,148.29501,-36.49594
212099065,209399685,Kosciuscola tristis,1,1,1,Kate Umbers,2020,National Environmental Science Program (NESP),Extant (resident),tristis,,,,,KT_1_746,,,148.30281,-36.50319
212099065,209399685,Kosciuscola tristis,1,1,1,Kate Umbers,2020,National Environmental Science Program (NESP),Extant (resident),tristis,,,,,KT_1_792,,,148.27422,-36.51789
212099065,209399685,Kosciuscola tristis,1,1,1,Kate Umbers,2020,National Environmental Science Program (NESP),Extant (resident),tristis,,,,,KT_1_844,,,148.26456,-36.51717
212099065,209399685,Kosciuscola tristis,1,1,1,Kate Umbers,2020,National Environmental Science Program (NESP),Extant (resident),tristis,,,,,KT_1_624,,,148.37459,-36.38344
196180248,190500977,Thaumatoperla alpina,1,1,1,Julia Mynott,2020,National Environmental Science Program (NESP),Extant (resident),,,Trib to North Nelse - Grey Hills Track,,,,,,147.28831,-36.82953
212099065,209399685,Kosciuscola tristis,1,1,1,Kate Umbers,2020,National Environmental Science Program (NESP),Extant (resident),tristis,,,,,KT_1_770,,,148.27694,-36.50197
22484143,22483710,Acacia alpina,1,1,1,IUCN,2016,,Extant (resident),,,,,,,,,148.4667,-35.65
117469952,117423069,Yucca baileyi,1,1,1,Raul Puente and Barbara Goettsch,2018,IUCN RL Agave and Yucca workshop,Extant (resident), ,,,,,DBG Seinet 2018,PreservedSpecimen,0,-109.971217,37.111233
117469952,117423069,Yucca baileyi,1,1,1,Raul Puente and Barbara Goettsch,2018,IUCN RL Agave and Yucca workshop,Extant (resident), ,,,,,DBG Seinet 2018,PreservedSpecimen,1999,-111.80673,37.16598
188497902,184928219,Senecio halleri,1,1,1,Charlotte Phillips,2020,"Royal Botanic Gardens, Kew",Extant (resident),,,,,,,,2005,7.783333,45.833333
212099065,209399685,Kosciuscola tristis,1,1,1,Kate Umbers,2020,National Environmental Science Program (NESP),Extant (resident),tristis,,,,,KT_1_842,,,148.26456,-36.51717
212099065,209399685,Kosciuscola tristis,1,1,1,Kate Umbers,2020,National Environmental Science Program (NESP),Extant (resident),tristis,,,,,KT_1_833,,,148.27733,-36.50586
212099065,209399685,Kosciuscola tristis,1,1,1,Kate Umbers,2020,National Environmental Science Program (NESP),Extant (resident),tristis,,,,,KT_1_743,,,148.30281,-36.50319
188497902,184928219,Senecio halleri,1,1,1,Charlotte Phillips,2020,"Royal Botanic Gardens, Kew",Extant (resident),,,,,,,,2005,7.229407,45.511697
175068395,161328537,Dingana alticola,1,1,1,"Mecenero S, Ball JB, Edge DA, Hamer ML, Henning GA, Krüger MA, Pringle EL, Terblanche RF & Williams MC",2013,Mecenero et al. (2013),Extant (resident),,,,,,LepSoc: JB Ball Collection,PreservedSpecimen,1999,30.1,-25.4
212099065,209399685,Kosciuscola tristis,1,1,1,Kate Umbers,2020,National Environmental Science Program (NESP),Extant (resident),tristis,,,,,KT_1_718,,,148.29558,-36.49892
117469952,117423069,Yucca baileyi,1,1,1,Raul Puente and Barbara Goettsch,2018,IUCN RL Agave and Yucca workshop,Extant (resident),baileyi,,,,,DBG Seinet 2018,PreservedSpecimen,2007,-107.9995,36.8334
196180248,190500977,Thaumatoperla alpina,1,1,1,Julia Mynott,2020,National Environmental Science Program (NESP),Extant (resident),,,Pretty Valley Creek and tributaries,,,,,,147.22716,-36.86408
212099065,209399685,Kosciuscola tristis,1,1,1,Kate Umbers,2020,National Environmental Science Program (NESP),Extant (resident),tristis,,,,,KT_1_704,,,148.27431,-36.51744
117469952,117423069,Yucca baileyi,1,1,1,Raul Puente and Barbara Goettsch,2018,IUCN RL Agave and Yucca workshop,Extant (resident),baileyi,,,,,DBG Seinet 2018,PreservedSpecimen,2002,-107.8705556,37.2716667
212099065,209399685,Kosciuscola tristis,1,1,1,Kate Umbers,2020,National Environmental Science Program (NESP),Extant (resident),tristis,,,,,TAMUIC-IGC-001911,,,148.38754,-36.1481
212099065,209399685,Kosciuscola tristis,1,1,1,Kate Umbers,2020,National Environmental Science Program (NESP),Extant (resident),tristis,,,,,KT_1_819,,,148.27047,-36.51633
212099065,209399685,Kosciuscola tristis,1,1,1,Kate Umbers,2020,National Environmental Science Program (NESP),Extant (resident),tristis,,,,,KT_1_827,,,148.27733,-36.50586
212099065,209399685,Kosciuscola tristis,1,1,1,Kate Umbers,2020,National Environmental Science Program (NESP),Extant (resident),tristis,,,,,TAMUIC-IGC-001910,,,148.38754,-36.1481
212099065,209399685,Kosciuscola tristis,1,1,1,Kate Umbers,2020,National Environmental Science Program (NESP),Extant (resident),tristis,,,,,KT_1_769,,,148.27694,-36.50197
212099065,209399685,Kosciuscola tristis,1,1,1,Kate Umbers,2020,National Environmental Science Program (NESP),Extant (resident),tristis,,,,,KT_1_757,,,148.27686,-36.50389
212099065,209399685,Kosciuscola tristis,1,1,1,Kate Umbers,2020,National Environmental Science Program (NESP),Extant (resident),tristis,,,,,ANIC,,,148.3039688,-36.45480706
212099065,209399685,Kosciuscola tristis,1,1,1,Kate Umbers,2020,National Environmental Science Program (NESP),Extant (resident),tristis,,,,,KT_1_845,,,148.26456,-36.51717
117469952,117423069,Yucca baileyi,1,1,1,Raul Puente and Barbara Goettsch,2018,IUCN RL Agave and Yucca workshop,Extant (resident), ,,,,,DBG Seinet 2018,PreservedSpecimen,2003,-111.7577,36.7521
22484143,22483710,Acacia alpina,1,1,1,IUCN,2016,,Extant (resident),,,,,,,,,146.5,-37.7
188497902,184928219,Senecio halleri,1,1,1,Charlotte Phillips,2020,"Royal Botanic Gardens, Kew",Extant (resident),,,,,,,,2005,7.777545,45.786705
212099065,209399685,Kosciuscola tristis,1,1,1,Kate Umbers,2020,National Environmental Science Program (NESP),Extant (resident),tristis,,,,,KT_1_790,,,148.27422,-36.51789
212099065,209399685,Kosciuscola tristis,1,1,1,Kate Umbers,2020,National Environmental Science Program (NESP),Extant (resident),tristis,,,,,KT_1_626,,,148.37639,-36.38298
22484143,22483710,Acacia alpina,1,1,1,IUCN,2016,,Extant (resident),,,,,,,,,148.3897,-36.0083
175068395,161328537,Dingana alticola,1,1,1,"Mecenero S, Ball JB, Edge DA, Hamer ML, Henning GA, Krüger MA, Pringle EL, Terblanche RF & Williams MC",2013,Mecenero et al. (2013),Extant (resident),,,,,,SABCA Field Surveys,PreservedSpecimen,2009,30.08333333,-25.5
212099065,209399685,Kosciuscola tristis,1,1,1,Kate Umbers,2020,National Environmental Science Program (NESP),Extant (resident),tristis,,,,,KT_1_668,,,148.29018,-36.49295
212099065,209399685,Kosciuscola tristis,1,1,1,Kate Umbers,2020,National Environmental Science Program (NESP),Extant (resident),tristis,,,,,KT_1_814,,,148.27047,-36.51633
196180248,190500977,Thaumatoperla alpina,1,1,1,Julia Mynott,2020,National Environmental Science Program (NESP),Extant (resident),,,"Headwaters to Turnback Creek, elev 1620m",,,,,,147.2511,-36.8585
22484143,22483710,Acacia alpina,1,1,1,IUCN,2016,,Extant (resident),,,,,,,,,148.86374,-35.85872
175068395,161328537,Dingana alticola,1,1,1,"Mecenero S, Ball JB, Edge DA, Hamer ML, Henning GA, Krüger MA, Pringle EL, Terblanche RF & Williams MC",2013,Mecenero et al. (2013),Extant (resident),,,,,,LepSoc: JB Ball Collection,PreservedSpecimen,1973,30.1,-25.4
212099065,209399685,Kosciuscola tristis,1,1,1,Kate Umbers,2020,National Environmental Science Program (NESP),Extant (resident),tristis,,,,,KT_1_638,,,148.37779,-36.38284
212099065,209399685,Kosciuscola tristis,1,1,1,Kate Umbers,2020,National Environmental Science Program (NESP),Extant (resident),tristis,,,,,KT_1_717,,,148.29953,-36.50319
117469952,117423069,Yucca baileyi,1,1,1,Raul Puente and Barbara Goettsch,2018,IUCN RL Agave and Yucca workshop,Extant (resident), ,,,,,DBG Seinet 2018,PreservedSpecimen,0,-111.735577,36.92792
212099065,209399685,Kosciuscola tristis,1,1,1,Kate Umbers,2020,National Environmental Science Program (NESP),Extant (resident),tristis,,,,,KT_1_760,,,148.27686,-36.50389
212099065,209399685,Kosciuscola tristis,1,1,1,Kate Umbers,2020,National Environmental Science Program (NESP),Extant (resident),tristis,,,,,KT_1_678,,,148.26405,-36.51647
212099065,209399685,Kosciuscola tristis,1,1,1,Kate Umbers,2020,National Environmental Science Program (NESP),Extant (resident),tristis,,,,,KT_1_869,,,148.28788,-36.49418
212099065,209399685,Kosciuscola tristis,1,1,1,Kate Umbers,2020,National Environmental Science Program (NESP),Extant (resident),tristis,,,,,KT_1_735,,,148.29558,-36.49892
212099065,209399685,Kosciuscola tristis,1,1,1,Kate Umbers,2020,National Environmental Science Program (NESP),Extant (resident),tristis,,,,,KT_1_648,,,148.29501,-36.49594
212099065,209399685,Kosciuscola tristis,1,1,1,Kate Umbers,2020,National Environmental Science Program (NESP),Extant (resident),tristis,,,,,TAMUIC-IGC-001908,,,148.38754,-36.1481
117469952,117423069,Yucca baileyi,1,1,1,Raul Puente and Barbara Goettsch,2018,IUCN RL Agave and Yucca workshop,Extant (resident), ,,,,,DBG Seinet 2018,PreservedSpecimen,2011,-111.735577,36.92792
212099065,209399685,Kosciuscola tristis,1,1,1,Kate Umbers,2020,National Environmental Science Program (NESP),Extant (resident),tristis,,,,,KT_1_776,,,148.27242,-36.52475
212099065,209399685,Kosciuscola tristis,1,1,1,Kate Umbers,2020,National Environmental Science Program (NESP),Extant (resident),tristis,,,,,KT_1_706,,,148.27053,-36.50758
196180248,190500977,Thaumatoperla alpina,1,1,1,Julia Mynott,2020,National Environmental Science Program (NESP),Extant (resident),,,"Tributary of Rocky Valley Creek, Bogong High Plains Road near Howmans Gap",,,,,,147.25745,-36.84551
212099065,209399685,Kosciuscola tristis,1,1,1,Kate Umbers,2020,National Environmental Science Program (NESP),Extant (resident),tristis,,,,,KT_1_671,,,148.26405,-36.51647
212099065,209399685,Kosciuscola tristis,1,1,1,Kate Umbers,2020,National Environmental Science Program (NESP),Extant (resident),tristis,,,,,KT_1_834,,,148.27733,-36.50586
212099065,209399685,Kosciuscola tristis,1,1,1,Kate Umbers,2020,National Environmental Science Program (NESP),Extant (resident),tristis,,,,,KT_1_720,,,148.29558,-36.49892
212099065,209399685,Kosciuscola tristis,1,1,1,Kate Umbers,2020,National Environmental Science Program (NESP),Extant (resident),tristis,,,,,KT_1_796,,,148.27422,-36.51789
117469952,117423069,Yucca baileyi,1,1,1,Raul Puente and Barbara Goettsch,2018,IUCN RL Agave and Yucca workshop,Extant (resident),baileyi,,,,,DBG Seinet 2018,PreservedSpecimen,1988,-108.175,36.773
22484143,22483710,Acacia alpina,1,1,1,IUCN,2016,,Extant (resident),,,,,,,,,146.7833,-36.75
117469952,117423069,Yucca baileyi,1,1,1,Raul Puente and Barbara Goettsch,2018,IUCN RL Agave and Yucca workshop,Extant (resident), ,,,,,DBG Seinet 2018,PreservedSpecimen,1984,-109.36,34.5489
117469952,117423069,Yucca baileyi,1,1,1,Raul Puente and Barbara Goettsch,2018,IUCN RL Agave and Yucca workshop,Extant (resident), ,,,,,DBG Seinet 2018,PreservedSpecimen,1964,-110.495166,35.803478
212099065,209399685,Kosciuscola tristis,1,1,1,Kate Umbers,2020,National Environmental Science Program (NESP),Extant (resident),tristis,,,,,ANIC,,,148.4402559,-36.39019845
117469952,117423069,Yucca baileyi,1,1,1,Raul Puente and Barbara Goettsch,2018,IUCN RL Agave and Yucca workshop,Extant (resident), ,,,,,DBG Seinet 2018,PreservedSpecimen,2003,-108.0252778,37.1744444
212099065,209399685,Kosciuscola tristis,1,1,1,Kate Umbers,2020,National Environmental Science Program (NESP),Extant (resident),tristis,,,,,KT_1_807,,,148.27422,-36.51789
212099065,209399685,Kosciuscola tristis,1,1,1,Kate Umbers,2020,National Environmental Science Program (NESP),Extant (resident),tristis,,,,,KT_1_762,,,148.27686,-36.50389
212099065,209399685,Kosciuscola tristis,1,1,1,Kate Umbers,2020,National Environmental Science Program (NESP),Extant (resident),tristis,,,,,KT_1_694,,,148.27289,-36.525
212099065,209399685,Kosciuscola tristis,1,1,1,Kate Umbers,2020,National Environmental Science Program (NESP),Extant (resident),tristis,,,,,KT_1_806,,,148.27422,-36.51789
117469952,117423069,Yucca baileyi,1,1,1,Raul Puente and Barbara Goettsch,2018,IUCN RL Agave and Yucca workshop,Extant (resident),baileyi,,,,,DBG Seinet 2018,PreservedSpecimen,2002,-109.6652778,37.2602778
212099065,209399685,Kosciuscola tristis,1,1,1,Kate Umbers,2020,National Environmental Science Program (NESP),Extant (resident),tristis,,,,,KT_1_719,,,148.29558,-36.49892
117469952,117423069,Yucca baileyi,1,1,1,Raul Puente and Barbara Goettsch,2018,IUCN RL Agave and Yucca workshop,Extant (resident), ,,,,,DBG Seinet 2018,PreservedSpecimen,1983,-111.63448,36.81806
22484143,22483710,Acacia alpina,1,1,1,IUCN,2016,,Extant (resident),,,,,,,,,148.05,-35.95
117469952,117423069,Yucca baileyi,1,1,1,Raul Puente and Barbara Goettsch,2018,IUCN RL Agave and Yucca workshop,Extant (resident), ,,,,,DBG Seinet 2018,PreservedSpecimen,0,-111.628162,36.936749
212099065,209399685,Kosciuscola tristis,1,1,1,Kate Umbers,2020,National Environmental Science Program (NESP),Extant (resident),tristis,,,,,KT_1_645,,,148.29501,-36.49594
117469952,117423069,Yucca baileyi,1,1,1,Raul Puente and Barbara Goettsch,2018,IUCN RL Agave and Yucca workshop,Extant (resident), ,,,,,DBG Seinet 2018,PreservedSpecimen,2000,-111.7439,37.1231
212099065,209399685,Kosciuscola tristis,1,1,1,Kate Umbers,2020,National Environmental Science Program (NESP),Extant (resident),tristis,,,,,KT_1_780,,,148.27242,-36.52475
212099065,209399685,Kosciuscola tristis,1,1,1,Kate Umbers,2020,National Environmental Science Program (NESP),Extant (resident),tristis,,,,,KT_1_605,,,148.37637,-36.38347
212099065,209399685,Kosciuscola tristis,1,1,1,Kate Umbers,2020,National Environmental Science Program (NESP),Extant (resident),tristis,,,,,KT_1_705,,,148.27431,-36.51744
212099065,209399685,Kosciuscola tristis,1,1,1,Kate Umbers,2020,National Environmental Science Program (NESP),Extant (resident),tristis,,,,,TAMUIC-IGC-002044,,,148.38507,-36.30508
196180248,190500977,Thaumatoperla alpina,1,1,1,Julia Mynott,2020,National Environmental Science Program (NESP),Extant (resident),,,Mt McKay Summit Rd,,,,,,147.24865,-36.87485
212099065,209399685,Kosciuscola tristis,1,1,1,Kate Umbers,2020,National Environmental Science Program (NESP),Extant (resident),tristis,,,,,KT_1_751,,,148.29558,-36.49892
212099065,209399685,Kosciuscola tristis,1,1,1,Kate Umbers,2020,National Environmental Science Program (NESP),Extant (resident),tristis,,,,,KT_1_693,,,148.27317,-36.522
212099065,209399685,Kosciuscola tristis,1,1,1,Kate Umbers,2020,National Environmental Science Program (NESP),Extant (resident),tristis,,,,,KT_1_667,,,148.29018,-36.49295
117469952,117423069,Yucca baileyi,1,1,1,Raul Puente and Barbara Goettsch,2018,IUCN RL Agave and Yucca workshop,Extant (resident), ,,,,,DBG Seinet 2018,PreservedSpecimen,1995,-109.971217,37.111233
212099065,209399685,Kosciuscola tristis,1,1,1,Kate Umbers,2020,National Environmental Science Program (NESP),Extant (resident),tristis,,,,,KT_1_665,,,148.29018,-36.49295
212099065,209399685,Kosciuscola tristis,1,1,1,Kate Umbers,2020,National Environmental Science Program (NESP),Extant (resident),tristis,,,,,KT_1_801,,,148.27422,-36.51789
22484143,22483710,Acacia alpina,1,1,1,IUCN,2016,,Extant (resident),,,,,,,,,148.47,-36.05
212099065,209399685,Kosciuscola tristis,1,1,1,Kate Umbers,2020,National Environmental Science Program (NESP),Extant (resident),tristis,,,,,KT_1_865,,,148.26794,-36.51242
22484143,22483710,Acacia alpina,1,1,1,IUCN,2016,,Extant (resident),,,,,,,,,147.131753,-36.976403
22484143,22483710,Acacia alpina,1,1,1,IUCN,2016,,Extant (resident),,,,,,,,,146.5,-37.7014
